{"precision_weighted":0.6765626378570289,"roc_auc_ovr":0.8679242560323092,"_wandb":{"runtime":38},"confusion_matrix_table":{"sha256":"a1bea8e30c463f6bfbc6c67d4bc92742a6cd9e6f88d2241f8223339b3687b8a6","size":1522,"artifact_path":"wandb-client-artifact://yiofb31a3a5zb0wkzdbkcbq70q2u79zyq4y3l8szs6sj0kc9nottfbgf4xpvf61v5cclxx1velzatcpwn3mhz8wch3ha4vlc1cy3se3vt65ad71onfe4uud41raxrd8l/confusion_matrix_table.table.json","_latest_artifact_path":"wandb-client-artifact://rrpuyj2t5qs91bx56k1ptqgy0r7s064rgi69j5m7z6wmux1hnv49s0vxlg8gcpcley4h68qkfznn9ivvk7bq3cxa08n5dx8tc07onc1u7gw2rhbrfw9m9oxyd3778clr:latest/confusion_matrix_table.table.json","path":"media/table/confusion_matrix_table_0_a1bea8e30c463f6bfbc6.table.json","ncols":3,"nrows":81,"_type":"table-file"},"f1_weighted":0.5451888643437315,"loss":1.1383319437503814,"precision_macro":0.36475812387738665,"recall_macro":0.5943311119318389,"_timestamp":1.7488003723110297e+09,"fold":2,"roc_auc_ovo":0.896789186532451,"accuracy":0.525875552533152,"_runtime":38.47124103,"f1_macro":0.3816102582788888,"_step":0,"recall_weighted":0.525875552533152}