{"recall_weighted":0.5054743284597076,"roc_auc_ovr":0.8586095619264051,"_step":0,"precision_weighted":0.6702367618773355,"confusion_matrix_table":{"path":"media/table/confusion_matrix_table_0_be272c9dfe1a1e8ac081.table.json","ncols":3,"nrows":81,"_type":"table-file","sha256":"be272c9dfe1a1e8ac0814a23f4e9a317207ad3838236e56e0a674f15678cffa4","size":1527,"artifact_path":"wandb-client-artifact://1xoqt2w015t4o48mf2nbyn5vfsc774jza806bbstm4mfs8d86fjmnuh8iw5al8tlajq3fv1lh2sbxlhfwebls1nbj55m6xnppm5id1uyfgmghwdgil1dozi7ouo6sj6k/confusion_matrix_table.table.json","_latest_artifact_path":"wandb-client-artifact://uatnzj9tg31cv1pyho3is1jugu3l0zs3zltophu7ll43ncqulyo0k7vm7xvi93tpgt5d47fgl949m3jsoe3dryjfb8px8gtkt5okww7ak26343jkbacr0edib2oie2j9:latest/confusion_matrix_table.table.json"},"roc_auc_ovo":0.8919389276201064,"_runtime":29.887837527,"accuracy":0.5054743284597076,"_timestamp":1.7487997797877803e+09,"precision_macro":0.35745305836793284,"f1_macro":0.3698403353053925,"f1_weighted":0.5334068978453976,"_wandb":{"runtime":29},"fold":1,"loss":1.1699527829885483,"recall_macro":0.59257315745144}