{"_step":0,"recall_macro":0.5308478917240563,"accuracy":0.3564093845630738,"recall_weighted":0.3564093845630738,"loss":1.3415348569552104,"precision_weighted":0.5912791395144218,"roc_auc_ovr":0.8499836426860664,"confusion_matrix_table":{"artifact_path":"wandb-client-artifact://wdyow5t6aqguepr3uge5c8j16xwu82um8zjslswrflur7e8iuhxqie3pxbxydc37cir6gj26niknxqaopc580yon64uhtmxbskmokw11o71iu005dnqd8d82vuh973ss/confusion_matrix_table.table.json","_latest_artifact_path":"wandb-client-artifact://6h0dc6d92d7zb8ilzafpxhj8xdx952y4j5l560ag8v13xm4hwobid0qijzd7gn83comz4hmnpw9dhgdyearda6iqv17ubladyb24lva8hgdsfuur999la3dt8xzkey7m:latest/confusion_matrix_table.table.json","path":"media/table/confusion_matrix_table_0_22376d031d03bcfab3a1.table.json","ncols":3,"nrows":81,"_type":"table-file","sha256":"22376d031d03bcfab3a13a7e6a363949d62f35a5fbc4b69e8bb9c82f42fcbe8a","size":1529},"f1_weighted":0.3626564593437499,"f1_macro":0.29774964455638986,"_runtime":36.420764698,"roc_auc_ovo":0.8810177488490234,"precision_macro":0.3161388708721997,"_wandb":{"runtime":36},"_timestamp":1.7487989801701243e+09,"fold":1}