{"fold":3,"precision_weighted":0.6875889898951149,"confusion_matrix_table":{"artifact_path":"wandb-client-artifact://l6wqi2adtbxbptf1b6l03s8c0ee2l49oczveh4r27kwjyih38lzpkchrbeun9n8m72f6fwxc9dhkcuric9z81nk92ebsmwhjmtupzy6vq3b356tbrzgk48x4d05y1hdp/confusion_matrix_table.table.json","_latest_artifact_path":"wandb-client-artifact://j22et3k1i5ljkprv5bdiq6bxhn0gvtph7rezy6wejwvt9o9sk6ho186pplz89vnqtcoa8q4y9tum3nseuh0u4tevvr9ttk9eq28ru91n6ykmr0t3h2fv4xcresyi549z:latest/confusion_matrix_table.table.json","path":"media/table/confusion_matrix_table_0_3daf072c2b4e93e424da.table.json","ncols":3,"nrows":81,"_type":"table-file","sha256":"3daf072c2b4e93e424da1114fc64b29206830bd41cff47af12efd2f2a9bc9525","size":1524},"accuracy":0.5672220333219993,"f1_weighted":0.5976176250906511,"f1_macro":0.4197219453418174,"loss":1.0964621345202128,"_wandb":{"runtime":40},"roc_auc_ovr":0.8824723367388639,"roc_auc_ovo":0.9044303258963572,"recall_weighted":0.5672220333219993,"precision_macro":0.38958000458830827,"recall_macro":0.6186206279776716,"_step":0,"_runtime":40.839774017,"_timestamp":1.7487996624014094e+09}