{"_runtime":86.15001365,"specificity":0.9998518148324635,"precision":0.9965341488277268,"recall":0.9972118327099626,"_step":0,"roc_auc":0.9996496721091839,"fold":2,"f1":0.9968728755948334,"_timestamp":1.7474798683443024e+09,"true_negatives":344113,"loss":0.003893859528923511,"false_negatives":41,"_wandb":{"runtime":86},"false_positives":51,"true_positives":14664,"f2":0.9970762222071122,"accuracy":0.9997436390437736}