{"test_recall_weighted":0.431641368804744,"_timestamp":1.7490388821277242e+09,"train_loss":1.2142695921162765,"_wandb":{"runtime":36},"test_loss":1.2843346190121439,"test_accuracy":0.431641368804744,"test_precision_macro":0.3584123480355935,"test_precision_weighted":0.6839042755604408,"test_f1_weighted":0.4881277105256223,"epoch":49,"test_f1_macro":0.3415647356280503,"test_roc_auc_ovr":0.8494469245040549,"test_confusion_matrix_table":{"_type":"table-file","sha256":"80899b1f76628c896d200fbd00d6f3c47841420eccf07d0df0ee267efd572157","size":1532,"artifact_path":"wandb-client-artifact://7ehcze3hr6f9dv5s6a4scwyxyrufpwozl1cnrr2jtm4hqqdtu9tvjrre20jhm7uxherdpb70v5e980zrfj439285wuou57gtvscpgmtqj267r0aer7v64p2vl3jg5oct/test_confusion_matrix_table.table.json","_latest_artifact_path":"wandb-client-artifact://ksgjuhltf0g532y0up0y8qgc4jpkwu6f10fbq9y1jt0v1ldymikrdlg77cdf685fvt2n2p3bpvomhcxr4ns85dgps0gj9o2lqm9zbp335x3qzn6rp5xt33ul05ohahbf:latest/test_confusion_matrix_table.table.json","path":"media/table/test_confusion_matrix_table_50_80899b1f76628c896d20.table.json","ncols":3,"nrows":81},"test_confusion_matrix_image":{"format":"png","width":1000,"height":800,"_type":"image-file","sha256":"5d3d2b5b835f109257e92057ac5e6666f3d8c948e3a3a6fa0ddb9a5f3cea15cd","size":55328,"path":"media/images/test_confusion_matrix_image_50_5d3d2b5b835f109257e9.png"},"_runtime":36.973294898,"test_recall_macro":0.5617959347628546,"_step":50,"test_roc_auc_ovo":0.8813991089813943}