{"recall_weighted":0.4608949945593036,"_step":0,"accuracy":0.4608949945593036,"precision_macro":0.34654735190926605,"f1_weighted":0.4933185939153786,"precision_weighted":0.6711106779708355,"roc_auc_ovr":0.86118481455885,"_timestamp":1.7487991181542804e+09,"fold":5,"recall_macro":0.559269729218023,"loss":1.2728765606880188,"f1_macro":0.3517584155544624,"_runtime":32.458684212,"roc_auc_ovo":0.8879914663531004,"_wandb":{"runtime":32},"confusion_matrix_table":{"_latest_artifact_path":"wandb-client-artifact://p94jofib7vqa91vyc95ml7ddygrkz11q5illcsyvkqxygelh46uu6eufhokcc892plop1kk6b3925710yhwv6w6mbjru6lkjnweabn4ukf7sd213zivx6x9l44zosp53:latest/confusion_matrix_table.table.json","path":"media/table/confusion_matrix_table_0_fbeb3083b475aea27cad.table.json","ncols":3,"nrows":81,"_type":"table-file","sha256":"fbeb3083b475aea27cadb614c1b779a59d13c92ee1c9bb5b1c42389875660c00","size":1523,"artifact_path":"wandb-client-artifact://00tityrq78a42ttb1n93izo4fhq46mu4bg5lfu85yj7jd4gf5ldiuivct6jvcmupfll2cnm8eysdxb9vorojzhwpak2bhwgpcdze9nusf8zwsl1rqjrcjgbhlns9afmj/confusion_matrix_table.table.json"}}