{"recall_weighted":0.5278835690968444,"precision_weighted":0.643849005611502,"accuracy":0.5278835690968444,"f1_weighted":0.559921433217263,"_timestamp":1.7488014187145457e+09,"_wandb":{"runtime":38},"confusion_matrix_table":{"sha256":"7363920ffa01f35a38b295d0bd5e8e0b6744114f22b8b9b70f9a24908a8498d9","size":1524,"artifact_path":"wandb-client-artifact://9avdz6cg2hxbmzpuozrakrewa6adgxr1kiqbzepco4epw3iqduo3hccrvbce86ktid916gt3avkbowbc8x7ng0eorhqfe3c1gius4emeflougly47gpk24a6ipk7eqm2/confusion_matrix_table.table.json","_latest_artifact_path":"wandb-client-artifact://6ghendvyoi3bpjpa1go5ovvllyh33j5zoqroym6ltr1wrm4oj9ua3vynznk46em2vrjtr9kydfzw59i2fiux7cczbj2gais8zvxwsaeu5d8p9v9msyi8ub022kie0ps7:latest/confusion_matrix_table.table.json","path":"media/table/confusion_matrix_table_0_7363920ffa01f35a38b2.table.json","ncols":3,"nrows":81,"_type":"table-file"},"precision_macro":0.38280887200849056,"_runtime":38.864839028,"recall_macro":0.5737373861975024,"f1_macro":0.37942530511527317,"fold":5,"roc_auc_ovo":0.8866144316103588,"_step":0,"loss":1.3153925895690919,"roc_auc_ovr":0.8597681783019078}