{"avg_precision_weighted":0.6788950444483364,"_wandb":{"runtime":1},"avg_recall_weighted":0.47300921384989303,"_step":0,"avg_confusion_matrix":{"_type":"table-file","sha256":"e81894ccd3057bc072eb2fcf935d73cf81f1aaa47aecb300f14061bdf96087eb","size":618,"artifact_path":"wandb-client-artifact://rmsi5b6ixh517ni66lld95jhkl1lwz739ynm9po4jlw6046o96pm0h88qudy1jp86qggu78fuu2rryrhofwnw7xz65ny92nsoq1nq3sqf9ggqish5l78abcertb217m4/avg_confusion_matrix.table.json","_latest_artifact_path":"wandb-client-artifact://t9agbz7i433ykwwubjb530650i3vwy1hr6o761akb2xefbbi4gn7sm9c6curj2hy6nm605m822megdc7talbxpdpw5bxb805ger33h9swv56fox9g4ueb7ygjivepy7u:latest/avg_confusion_matrix.table.json","path":"media/table/avg_confusion_matrix_0_e81894ccd3057bc072eb.table.json","ncols":9,"nrows":9},"avg_confusion_matrix_image":{"width":1000,"height":800,"_type":"image-file","sha256":"a9549cd7e5c858413fe403a25007b6c4c1225cedb562e448cb2d90e16d7aedfb","size":67556,"path":"media/images/avg_confusion_matrix_image_0_a9549cd7e5c858413fe4.png","format":"png"},"avg_recall_macro":0.5818620112079664,"_timestamp":1.7488014216737664e+09,"avg_precision_macro":0.37590041360913534,"_runtime":1.160803157,"avg_f1_macro":0.37495819640296274,"avg_loss":1.206035749912262,"avg_accuracy":0.47300921384989303,"avg_f1_weighted":0.5171999912355071,"avg_roc_auc_ovo":0.8957705500749021,"avg_roc_auc_ovr":0.8676855120290785}