{"confusion_matrix_table":{"artifact_path":"wandb-client-artifact://pxfqfcjaxn42ddrzdqmh63cqhw0ckawiz7shro2b2frgjrzt1iwqhqhbd1x8q6ueyl572mdyp31fhbtd36t5cnba1rhxqn66j0yhpm0zw428gzqe1ojvqs83h58xm99c/confusion_matrix_table.table.json","_latest_artifact_path":"wandb-client-artifact://exx9dblul1rtev2rs0kn6y7gor9nhf520b8plm2x6jwaw8ld21h6rxjatd982qx9hy35euos739yjwowbv5dpmg7ja00991k7cb869g0d5unwe1y7r0iqxwcuqnt2udj:latest/confusion_matrix_table.table.json","path":"media/table/confusion_matrix_table_0_a32189932f4dc92933de.table.json","ncols":3,"nrows":81,"_type":"table-file","sha256":"a32189932f4dc92933de6ca6b630f001a795621551dd0821bdf04cafd3dfd7da","size":1521},"_step":0,"accuracy":0.4476332970620239,"recall_macro":0.5094354524227784,"f1_macro":0.35050693478132244,"roc_auc_ovo":0.8746350410648727,"_timestamp":1.7488011846092882e+09,"precision_weighted":0.6645238230982431,"_wandb":{"runtime":28},"fold":5,"f1_weighted":0.500589541447702,"_runtime":28.095301064,"roc_auc_ovr":0.8594957782646807,"recall_weighted":0.4476332970620239,"loss":1.4610109090805055,"precision_macro":0.36966438966134585}