{"avg_roc_auc_ovo":0.8943563496394734,"avg_confusion_matrix":{"nrows":9,"_type":"table-file","sha256":"4c7c87ae253733b70d8641a1ac32a7957c4212fac220ea650366e4ab92a73cee","size":627,"artifact_path":"wandb-client-artifact://v3x52se7eyy3tgriz2grghb66grl3io9mwptrsifz5iatj8ksqv633ykrrsqlji073lm9ovhobt5zqh73ovhdkfk12l1fmqn0vglix0ny4hde5u9m5isbeoiguwa2q1f/avg_confusion_matrix.table.json","_latest_artifact_path":"wandb-client-artifact://49ymu30qq5886ywyn4olb59egl2jygibd3vrh2029vk6wyftga788q78ibgzfs5md7as35jug8bmggqpv3ais4l5j7g19e03164javhqbpse9cyjc8qh4dwbdv7wnh49:latest/avg_confusion_matrix.table.json","path":"media/table/avg_confusion_matrix_0_4c7c87ae253733b70d86.table.json","ncols":9},"avg_recall_macro":0.5829355553890496,"_runtime":1.295144781,"_timestamp":1.7488001217571473e+09,"avg_precision_weighted":0.6792309403661815,"avg_confusion_matrix_image":{"height":800,"_type":"image-file","sha256":"a24b3926197d3f6fc3ff825ede0a8b2055a37eb35be202bfd9ce477f94ef8ed1","size":70570,"path":"media/images/avg_confusion_matrix_image_0_a24b3926197d3f6fc3ff.png","format":"png","width":1000},"avg_f1_macro":0.36139106680214844,"avg_f1_weighted":0.515300545815022,"avg_precision_macro":0.36777494034198727,"avg_loss":1.2138104325532912,"_wandb":{"runtime":1},"avg_recall_weighted":0.4735249552405135,"avg_roc_auc_ovr":0.868539951857306,"_step":0,"avg_accuracy":0.4735249552405135}