{"test_loss":1.28748220205307,"test_recall_weighted":0.42478646428377126,"_step":50,"test_precision_weighted":0.6585047394024511,"test_precision_macro":0.3242592738296749,"test_roc_auc_ovo":0.8847750682926256,"test_confusion_matrix_image":{"path":"media/images/test_confusion_matrix_image_50_519259c4fafccebfc569.png","format":"png","width":1000,"height":800,"_type":"image-file","sha256":"519259c4fafccebfc569259df6475896267cff80599af3b79a637060a96bf3ee","size":56255},"_runtime":24.855139124,"test_roc_auc_ovr":0.8470667180616882,"_wandb":{"runtime":24},"test_accuracy":0.42478646428377126,"epoch":49,"test_recall_macro":0.5676942551968911,"test_f1_macro":0.31558806458559535,"_timestamp":1.7490408081277688e+09,"train_loss":1.1669838509211938,"test_f1_weighted":0.46503248291417854,"test_confusion_matrix_table":{"ncols":3,"nrows":81,"_type":"table-file","sha256":"e458eeb7672802fb9a08cdbf7eddc41280880825fbe1d8c8557f4bbce14f5d00","size":1537,"artifact_path":"wandb-client-artifact://w6wdxbut86i9whi5wywp9l92pwi09qmd2230dp74x3tlm0rv55v2n9pc2um9c4yp5x0mxcxhr08c0vaumrfwd89j21pz2en7jqav5ib29kjbkv9pamqfp01359vkka6z/test_confusion_matrix_table.table.json","_latest_artifact_path":"wandb-client-artifact://0g9l6ouf5j1v7o8h6ww5aizpxn88q8xw84djc28gooeuo76nwk6tewbps26mt83mkf7wtqq0d893zkm3bl15gmwd6sinrxzpkite6g5mhv55tocrfdqt2mvh2nl5yo71:latest/test_confusion_matrix_table.table.json","path":"media/table/test_confusion_matrix_table_50_e458eeb7672802fb9a08.table.json"}}