{"test_recall_weighted":0.46433817528970134,"test_precision_weighted":0.6688190639399753,"test_confusion_matrix_image":{"height":800,"_type":"image-file","sha256":"a9f7399de82df9796ddc6c1e9478e6ed9048c353b265a7483ba7a5d0971479c2","size":56033,"path":"media/images/test_confusion_matrix_image_100_a9f7399de82df9796ddc.png","format":"png","width":1000},"test_recall_macro":0.5850212098011327,"test_loss":1.2614769091208775,"epoch":99,"test_precision_macro":0.34651778724174237,"test_roc_auc_ovr":0.860895107390865,"_runtime":64.352285896,"_step":100,"test_roc_auc_ovo":0.8923563242100947,"test_f1_weighted":0.5014548692281134,"test_confusion_matrix_table":{"_type":"table-file","sha256":"8dbc3fd2924d2091f3e2bdd6112f0dae62788dc792a69d66b50f50b9d4fa1221","size":1534,"artifact_path":"wandb-client-artifact://xdh069ix2811uewa9vsbc3d36z76yf8c97q9h1o0svgol4vb9wbfk2nhzu2d8pa07kwoizfo6tamnnbh1gr25ynnuqx4cbommbbpi9bdzym632l9yuzy7kkah16r29y4/test_confusion_matrix_table.table.json","_latest_artifact_path":"wandb-client-artifact://en4w3sdn93cwterb3yz8am1ftx7bfegjs2j9c01rgtgq1lak4lsr6s95llrt8c0vd4sr7dj8pjz14xhbldv96i6htd629yax5yhthvrtsti5ybf0ynb4rpsz5mrrmo3a:latest/test_confusion_matrix_table.table.json","path":"media/table/test_confusion_matrix_table_100_8dbc3fd2924d2091f3e2.table.json","ncols":3,"nrows":81},"test_accuracy":0.46433817528970134,"_timestamp":1.7490392199836175e+09,"_wandb":{"runtime":64},"train_loss":1.1152635788958933,"test_f1_macro":0.3526755525426062}