{"f1_weighted":0.521963425143745,"confusion_matrix_table":{"nrows":81,"_type":"table-file","sha256":"2381fab644c0e5665d15ae8930e9dbac1089b706acd578f32dfd39732a4adfd6","size":1526,"artifact_path":"wandb-client-artifact://jqe78tmdmzydid0k9qi40wkv3lb32hmz1arkjnmo99ajvm5hwhgf0q1nkuh55tiptjb7lxhw6gl0sa2qzxpvuc7hvlkytptwyle587evxz68478tp4as72zrehzrcg26/confusion_matrix_table.table.json","_latest_artifact_path":"wandb-client-artifact://j8cka1nzumj91ub6hqmi9wqi0vd36lkehx07pqai9n8m4aa5pyljo7vo4bwnoyisk2w6i21jsippkf3efvwjponbfp5djy434r5x8s64rwwxnhbok7jnh8o921dv098a:latest/confusion_matrix_table.table.json","path":"media/table/confusion_matrix_table_0_2381fab644c0e5665d15.table.json","ncols":3},"precision_weighted":0.6168937701538505,"_step":0,"recall_macro":0.5165737671137086,"roc_auc_ovo":0.8568244091731796,"f1_macro":0.3239621694199337,"fold":3,"accuracy":0.5032981978918735,"_wandb":{"runtime":45},"loss":1.4355380327157352,"_timestamp":1.7482870916800392e+09,"precision_macro":0.31908284027526745,"roc_auc_ovr":0.8252587532845927,"_runtime":45.626634222,"recall_weighted":0.5032981978918735}