{"_runtime":15.833336023,"loss":1.2725828886032104,"recall_macro":0.5267830078986541,"precision_weighted":0.6395777394591406,"roc_auc_ovo":0.873186796417095,"_step":0,"f1_weighted":0.4605624931584278,"confusion_matrix_table":{"ncols":3,"nrows":81,"_type":"table-file","sha256":"f2126901ee977a629d951b6e53cb14d01227de4ecc061e87c22c66198ffdd438","size":1527,"artifact_path":"wandb-client-artifact://js8cbwsidmk6hhbbx2c21g8n7ljucz5kx737bgi3z7hl6pencbxznyfqqrf2pkyx7powygl7hlyybcg6twysmpsfl1m2lf7e10eb7nfml5sa9v30hjcaviicx139me1r/confusion_matrix_table.table.json","_latest_artifact_path":"wandb-client-artifact://esnlrn7pkxh08e4xdynh5kygoltlnqgtc4rhhxwgqm2ul1zvtpsz5t7u04fccv5r6cctv7tn7ovynuhnxrafnx64kg7l2unfqg907bp8pxw463viuw68woypjuac1byz:latest/confusion_matrix_table.table.json","path":"media/table/confusion_matrix_table_0_f2126901ee977a629d95.table.json"},"recall_weighted":0.42196531791907516,"_timestamp":1.748282661897077e+09,"precision_macro":0.31515618504698417,"_wandb":{"runtime":15},"f1_macro":0.31352128239029065,"roc_auc_ovr":0.8381856512892418,"fold":1,"accuracy":0.42196531791907516}