{"accuracy":0.5693301598095886,"f1_macro":0.4045534335635363,"f1_weighted":0.577764964177603,"roc_auc_ovo":0.8819050994855638,"precision_macro":0.38888203220922024,"fold":2,"recall_macro":0.567895962338296,"_timestamp":1.7488001862963452e+09,"roc_auc_ovr":0.8601873078754364,"_wandb":{"runtime":29},"precision_weighted":0.6774714467597337,"_runtime":29.988600581,"_step":0,"confusion_matrix_table":{"_latest_artifact_path":"wandb-client-artifact://dxza2if85u5nb1awr5sj0q0cmybs1279wklco83h6keh94ro3fzmlg2u2nosxu2wdga8gvsqw09e8ft1078saw8u3mknno99epr7fvvf1va0w4x2bgxze9nq27sbs4fi:latest/confusion_matrix_table.table.json","path":"media/table/confusion_matrix_table_0_1cd4e6b3025e081362e4.table.json","ncols":3,"nrows":81,"_type":"table-file","sha256":"1cd4e6b3025e081362e47421013b6fe04556aa7ab0df00087be98a04e087ea37","size":1518,"artifact_path":"wandb-client-artifact://hjfy1t54pgzwwf1pjnajegn3u7z9fh2e76r0g98td13c34j4d53cxywk8kf8v503ce1x70x9jwnmtxq00gfnstaqpv52ssiek10q05xad6sbchka3pnoem4opflbzk6r/confusion_matrix_table.table.json"},"loss":1.2326562583446503,"recall_weighted":0.5693301598095886}