{"avg_precision_weighted":0.5918732092319524,"_wandb":{"runtime":0},"avg_accuracy":0.44203864707399304,"avg_confusion_matrix":{"size":616,"artifact_path":"wandb-client-artifact://unwqyk73089nhloch8d2vvok6i8ot4hm4d0pin59jsdouhn88nbohcb8b5lz0qpsooskms5qqyxslhnlpbe1tls6dqukwo4u9g2ryao1xd9kxphtegec21i7g0nykfb1/avg_confusion_matrix.table.json","_latest_artifact_path":"wandb-client-artifact://tesaagf4epyfwdikkfvaiqiapny2y3srp2vl63f0dbdefmwbqxn6c0wznkvi2kp47prysq8nwgbjqaokrikiyl61js1s2lcuhhnu21eirlt3i8pzz5dbpr9fpqealz9y:latest/avg_confusion_matrix.table.json","path":"media/table/avg_confusion_matrix_0_a0f80720534fa6ad76a4.table.json","ncols":9,"nrows":9,"_type":"table-file","sha256":"a0f80720534fa6ad76a407d75b3a1d55ab76406f54075e8ea41050408b37187b"},"_step":0,"avg_recall_weighted":0.44203864707399304,"avg_confusion_matrix_image":{"path":"media/images/avg_confusion_matrix_image_0_3057ab8fa963e634b85e.png","format":"png","width":1000,"height":800,"_type":"image-file","sha256":"3057ab8fa963e634b85e167bced6a9346b5c66d555399b20a08493771bbca954","size":68978},"avg_f1_weighted":0.4614142167725358,"avg_f1_macro":0.28499887352144504,"_runtime":0.961497877,"avg_precision_macro":0.2928365399419175,"avg_recall_macro":0.4745991083823259,"avg_loss":1.54840227458788,"avg_roc_auc_ovr":0.7876959428906497,"_timestamp":1.7482856014030077e+09,"avg_roc_auc_ovo":0.8147613383292184}