{"test_true_negatives":430159,"_runtime":175.097252918,"test_precision":0.9974462073462291,"test_f1":0.9980698654342802,"test_recall":0.9986943039007671,"test_f2":0.9984444347750413,"test_accuracy":0.9998417252394741,"test_false_negatives":24,"test_loss":0.0040759569535072405,"test_false_positives":47,"test_roc_auc":0.999899112836161,"test_true_positives":18357,"_timestamp":1.749031414563408e+09,"train_loss":0.003830935371418794,"_step":10,"test_specificity":0.9998907500127846,"_wandb":{"runtime":175},"epoch":9}