{"true_negatives":344122,"precision":0.997147126749083,"roc_auc":0.999755532334782,"recall":0.9983677910772579,"accuracy":0.9998160883667533,"_runtime":87.61136661,"f1":0.9977570855705838,"false_negatives":24,"_timestamp":1.7474808356744614e+09,"_step":0,"f2":0.9981234191846392,"loss":0.0039539528095499715,"true_positives":14680,"fold":5,"specificity":0.9998779651561465,"false_positives":42,"_wandb":{"runtime":87}}