{"test_f1_macro":0.3338616645125663,"_wandb":{"runtime":37},"test_precision_weighted":0.6466439852033933,"test_precision_macro":0.3277705273613034,"epoch":79,"test_accuracy":0.45835373483488384,"test_loss":1.298015566335784,"test_roc_auc_ovo":0.8770228603653893,"_step":80,"test_confusion_matrix_image":{"path":"media/images/test_confusion_matrix_image_80_4cc40f2a5b1610e74fbf.png","format":"png","width":1000,"height":800,"_type":"image-file","sha256":"4cc40f2a5b1610e74fbf6df245761b40a50640aa0f5c491e92d049dcca54632d","size":55280},"train_loss":1.2346537616103888,"test_roc_auc_ovr":0.8450224814621907,"test_f1_weighted":0.49034228163240334,"_runtime":37.86873747,"test_recall_macro":0.5503259574943381,"test_confusion_matrix_table":{"ncols":3,"nrows":81,"_type":"table-file","sha256":"65e557676fb8bea7b92d2793d81176be0dfcd36372c0536bd4a8747f46e745c2","size":1532,"artifact_path":"wandb-client-artifact://sbavbohstdw46uxkr2t2ir7jod4uyeeoak6j6ba8wmo3kmxoxmhuspbt6v4vbxfc0h47zilurqzsnjilt36gc3eqlj2wvvw595313zh08srzwbjrmqqvk3zqq1ce6avm/test_confusion_matrix_table.table.json","_latest_artifact_path":"wandb-client-artifact://u4on82ok9mtsw62fgf1tb3d47jvrazrn2bkpk6ye3sts0ocbk1i7x9v6tpiibsqmsfg3fncpe8bjalg5nfp77hy06e61zo87qhpvvqjer4f6mvd7tqhookmsfq9advel:latest/test_confusion_matrix_table.table.json","path":"media/table/test_confusion_matrix_table_80_65e557676fb8bea7b92d.table.json"},"test_recall_weighted":0.45835373483488384,"_timestamp":1.7490401591033587e+09}