{"test_precision":0.9967960901439045,"test_f1":0.9977171431677356,"test_specificity":0.9998628563990274,"test_accuracy":0.9998127453537441,"_runtime":482.608128196,"_wandb":{"runtime":482},"_timestamp":1.7490293053754396e+09,"test_recall":0.9986398998966324,"test_f2":0.9982705924580428,"train_loss":0.004015457845525816,"test_loss":0.004304112759160085,"test_false_negatives":25,"test_true_positives":18356,"epoch":29,"_step":30,"test_roc_auc":0.9997715097206347,"test_true_negatives":430147,"test_false_positives":59}