{"accuracy":0.42886289445048964,"precision_macro":0.2540248124262842,"_timestamp":1.7482824444242358e+09,"recall_macro":0.3120464701296958,"_wandb":{"runtime":8},"f1_macro":0.18634622086430816,"fold":4,"f1_weighted":0.40170187884626996,"precision_weighted":0.4672195542958042,"_step":0,"_runtime":8.266396337,"roc_auc_ovo":0.7281343787436481,"loss":2.0602705478668213,"confusion_matrix_table":{"_latest_artifact_path":"wandb-client-artifact://7dfvart3utftuduyctiumu2ojuu7214lwp6fag0i0afgfqz97fuvprvin0l6ctubkhpfe871340uge4tmhb9twfykgs1sh0oce8jn889q4eo528qa9au613t5avogpro:latest/confusion_matrix_table.table.json","path":"media/table/confusion_matrix_table_0_c97f8ee46d7e2b6de2ea.table.json","ncols":3,"nrows":81,"_type":"table-file","sha256":"c97f8ee46d7e2b6de2eaa1e838b189679ed93849d9c365008f5dbce63a22b746","size":1495,"artifact_path":"wandb-client-artifact://vr7j0b9hq2ahad6qi1ni2lm6ohtc1wpezh2mpnyif2pk2ea904kykf9i0sl43pylqiycl1j6i877e55qbuy60vpaxqeops9q6hlkgogdixyer1m0n9s285w07q6j6eih/confusion_matrix_table.table.json"},"roc_auc_ovr":0.7326057988994964,"recall_weighted":0.42886289445048964}