{"_wandb":{"runtime":39},"fold":1,"confusion_matrix_table":{"nrows":81,"_type":"table-file","sha256":"f153ad7968872d849de4d47394db841d6df64eee7a9e353f6fdce3a09829653c","size":1522,"artifact_path":"wandb-client-artifact://kad6ol58iq1iig5qt6u31zgyowtcc1poruahoivv61welm557ks8pfy2dz9wed9bldwpxqv8qkged2yagdzm42hzk6rwee7ntr0ouhtoi7355t7nt7o5zuvngb4737su/confusion_matrix_table.table.json","_latest_artifact_path":"wandb-client-artifact://icazm3d6m2pklttybfc8xcy7d31k4n2umc23ytvi7cq6tbenqvzn44e62jc8pinqtuv9e4yf6iyqmqisqrrrzfm7jsh80dmr79hwzf8d9rot0aitrbkrs882kpf693e7:latest/confusion_matrix_table.table.json","path":"media/table/confusion_matrix_table_0_f153ad7968872d849de4.table.json","ncols":3},"recall_macro":0.5780727804149577,"roc_auc_ovo":0.8998328514073527,"accuracy":0.46181570894253654,"roc_auc_ovr":0.8722517747830048,"recall_weighted":0.46181570894253654,"precision_macro":0.39323334243617847,"loss":1.1663235753774643,"precision_weighted":0.6883236616252535,"_runtime":39.764428138,"f1_macro":0.400730355810134,"_step":0,"f1_weighted":0.48796752168445146,"_timestamp":1.7488003312443073e+09}