{"false_positives":52,"true_positives":14688,"_step":0,"fold":1,"specificity":0.99984890967995,"f1":0.9976905311778291,"loss":0.004132546406536777,"false_negatives":16,"roc_auc":0.9996868197795655,"precision":0.996472184531886,"f2":0.9984229702539562,"true_negatives":344113,"_runtime":84.68631496,"recall":0.998911860718172,"accuracy":0.9998105158149632,"_wandb":{"runtime":84},"_timestamp":1.7474833602796655e+09}