{"precision_macro":0.12772703681420597,"_step":0,"f1_weighted":0.43952678346763296,"loss":1.6607873994728615,"roc_auc_ovr":0.5936440047857102,"_wandb":{"runtime":4},"accuracy":0.5240070729053319,"_runtime":4.529274373,"recall_macro":0.17510056873352753,"recall_weighted":0.5240070729053319,"f1_macro":0.13774956686439818,"precision_weighted":0.42571090539630385,"_timestamp":1.7482798767532036e+09,"confusion_matrix_table":{"path":"media/table/confusion_matrix_table_0_360aa778c6703ce8cfa6.table.json","ncols":3,"nrows":81,"_type":"table-file","sha256":"360aa778c6703ce8cfa6d01bdfb322a1fd761eaa614bc778d1f7b7e321edc860","size":1472,"artifact_path":"wandb-client-artifact://yl6u0nrcwnb0qhhql00vni6m1g17zjb8w1k40x9kfn855bo4o9i8t8ddgrc7057a05cywml9sfonw2n1tqadk0n7gs7a52hbbjt4vnzjl8gefu8lnclhnvrfhl3afxp0/confusion_matrix_table.table.json","_latest_artifact_path":"wandb-client-artifact://1injn0ucq6sorm2ymx0ed71icvv14acjz65ex4qr1k9g3rfgdphswikuyxwx6f5cuit166yvu2vc7s6yjfbk3ng94ym08o7n5sz24mpxfqg0i43dqf1gsox63zttpfpg:latest/confusion_matrix_table.table.json"},"fold":5,"roc_auc_ovo":0.5839314027371239}