{"recall_macro":0.28536495906329284,"roc_auc_ovr":0.7374913593790181,"_timestamp":1.7482824343519986e+09,"f1_macro":0.19249591414549005,"fold":3,"confusion_matrix_table":{"sha256":"b0788e927d2160f119fd3ee46b9903d35c586442e9be4c7688bfc45a52de5c38","size":1506,"artifact_path":"wandb-client-artifact://pfolrfzxlu0a8da2zwe5uju7tlx3e0kb906rigjwtx68i1lkz19ud137xsaz5pikw4hy2t5qmyc4zbyxfn2mw6u5lp948fcoehnpdxunniqbf17mvavb7jgnmo0b5ky6/confusion_matrix_table.table.json","_latest_artifact_path":"wandb-client-artifact://8ud8oou1tljq8kof7i7iko7r6qadw0cl8p3ztqp7b4ktk1exp9jyno49mizmxy66g3aoprj2vdtmwkqyqh9xesps8ehfztxljsxy7z8quzp6ag8sb1nnz2uhd76r81ce:latest/confusion_matrix_table.table.json","path":"media/table/confusion_matrix_table_0_b0788e927d2160f119fd.table.json","ncols":3,"nrows":81,"_type":"table-file"},"_step":0,"f1_weighted":0.4311210721571,"_runtime":8.118128837,"precision_weighted":0.5004620284576129,"accuracy":0.4439986399183951,"_wandb":{"runtime":8},"recall_weighted":0.4439986399183951,"precision_macro":0.21485041275356204,"loss":2.0121865066988716,"roc_auc_ovo":0.7389278379732541}