{"test_true_positives":18353,"epoch":9,"_step":10,"test_accuracy":0.9998350375735364,"_runtime":171.963261549,"test_false_negatives":28,"test_precision":0.9974998641230501,"test_f1":0.9979880369766178,"test_loss":0.00394166203138108,"test_f2":0.9982811701097658,"test_recall":0.9984766878842283,"train_loss":0.00383851485530613,"_wandb":{"runtime":172},"_timestamp":1.749030793230291e+09,"test_specificity":0.9998930744805977,"test_true_negatives":430160,"test_false_positives":46,"test_roc_auc":0.9998981542034284}