{"precision_weighted":0.17833286877833682,"recall_macro":0.11107532653426373,"accuracy":0.42219804134929273,"_step":0,"loss":1.5931530368739162,"confusion_matrix_table":{"size":1459,"artifact_path":"wandb-client-artifact://gpcwh1baq4uony0umc946hz1y2ivqeeoa0oapbypgyqs3z2ukhi8otthp5yucq3dnb2sacnp9pguio03abx569f15prx2xp41adb83i11i35oveh70wqva3xm9cqkfc0/confusion_matrix_table.table.json","_latest_artifact_path":"wandb-client-artifact://httklanip9ofh5qh3a3bkqd94uuu980exi0vokolxzm16z7on026vexg2b03394r63qzkjnhouqr2xy3njceixhwjj551vwguok24qhef1uvxcjys9g8uqwrgr40h88e:latest/confusion_matrix_table.table.json","path":"media/table/confusion_matrix_table_0_50ae990ac9d6d13ae895.table.json","ncols":3,"nrows":81,"_type":"table-file","sha256":"50ae990ac9d6d13ae8955910d154c8f28d005092cd6df0df00804cf336c2c97c"},"precision_macro":0.04691727504950196,"f1_weighted":0.25075074950067977,"roc_auc_ovr":0.5793514324033212,"roc_auc_ovo":0.5659690097075267,"_wandb":{"runtime":4},"recall_weighted":0.42219804134929273,"_runtime":4.640451967,"_timestamp":1.748280543657486e+09,"fold":4,"f1_macro":0.06596956558701011}