{"avg_f1_macro":0.32097973562445403,"avg_recall_weighted":0.4603320119773019,"avg_roc_auc_ovr":0.8316405515725819,"avg_recall_macro":0.5349305581350714,"_runtime":1.218819165,"_wandb":{"runtime":1},"avg_confusion_matrix_image":{"size":68601,"path":"media/images/avg_confusion_matrix_image_0_1eccfeea3be207f37f6f.png","format":"png","width":1000,"height":800,"_type":"image-file","sha256":"1eccfeea3be207f37f6fd516a2913d15ae04719442e5fa1340d9d5511e55201b"},"avg_roc_auc_ovo":0.8667141124865398,"avg_loss":1.3128890962436282,"avg_confusion_matrix":{"size":626,"artifact_path":"wandb-client-artifact://1pxltpcn0t177vw7gcyu6hjo603sg0krh05n658k6snmqil06bxno4800btopttt7ffnzdtqvqc8bwkgwan482iz6283t7fq1dm3uzdbc1roht77qn7bgjlk2w80q8f8/avg_confusion_matrix.table.json","_latest_artifact_path":"wandb-client-artifact://p2al5rxn9rht0hfq24xbzf51eur912zm2dsnuaa5ch1ajb5071b81i8v0g1lcts0dz71rj7twfzfefzffb21t37aqmgk6lca58z1ywwqv2yybpjqwtuys3rl35p1eie1:latest/avg_confusion_matrix.table.json","path":"media/table/avg_confusion_matrix_0_589d8d53582e56d8fb58.table.json","ncols":9,"nrows":9,"_type":"table-file","sha256":"589d8d53582e56d8fb5887ceb5af08282ac4e05a666558ab0c985308907de7f7"},"_timestamp":1.7482827302486475e+09,"avg_f1_weighted":0.4927247829883167,"_step":0,"avg_precision_weighted":0.6324334993601474,"avg_precision_macro":0.31690555517417135,"avg_accuracy":0.4603320119773019}