{"_timestamp":1.7488015287424722e+09,"_wandb":{"runtime":33},"precision_macro":0.3767556175987254,"recall_macro":0.5685280179925706,"recall_weighted":0.47500850051003063,"_step":0,"confusion_matrix_table":{"ncols":3,"nrows":81,"_type":"table-file","sha256":"8406b8ade38ccd1edbe3aa98cf03082517db510b662135fc3b9c34148a135742","size":1518,"artifact_path":"wandb-client-artifact://9cr1zzz6sbcp6uke3l8f6vnu7w413tv8zl7fljq6n6hrgmsota5haqc2r08y3awl18zlburr2j9zjvj3g7a34ll1wfgpi17xc4xkegib331mwwa1ylg3so3tqe6tqe46/confusion_matrix_table.table.json","_latest_artifact_path":"wandb-client-artifact://bifbmgokoe4lfo1ree1cywq02em27j6zdcub7imcpf8gxj8shvoqtbeinxfwa22ry2ic3o3ghurcmhb22t5pdwe48h3xsl39tuormkwqpgzsxpzv76pvl10tpox5nfbi:latest/confusion_matrix_table.table.json","path":"media/table/confusion_matrix_table_0_8406b8ade38ccd1edbe3.table.json"},"roc_auc_ovr":0.856809360555819,"fold":3,"f1_macro":0.3765675349388251,"precision_weighted":0.6871006763686636,"f1_weighted":0.5085658342811181,"roc_auc_ovo":0.8904402887911913,"accuracy":0.47500850051003063,"loss":1.2120578686396282,"_runtime":33.717327866}