{"roc_auc_ovr":0.8569520318058649,"_timestamp":1.7488012338764935e+09,"precision_macro":0.37035500125329346,"recall_macro":0.5359884924144872,"_runtime":44.506806918,"_wandb":{"runtime":44},"fold":1,"accuracy":0.384223053383203,"precision_weighted":0.695115126072522,"confusion_matrix_table":{"nrows":81,"_type":"table-file","sha256":"067d67a4303a4649c47f44d5fd6a7fb9393aea53834244f24a21d44ff4d5fa9f","size":1521,"artifact_path":"wandb-client-artifact://mcpw9yflolvgcfo7q600ygccyoiksrwrox1m6xytpwnx61sasyz3c74xooj0xgbgic0loqn19m3ypujn538u95l8zhqib2fq7bdz08gotavfn2b29ubpw2a0iztamp0l/confusion_matrix_table.table.json","_latest_artifact_path":"wandb-client-artifact://iiqjpj0y2nz0j17csabsqdohddwnwc9wke83f0tzojayfn06d0lukgufgfm8af22a8ctieyzc5vqrazdff5x54m8ny3py53l8cpb4a2r6df8ytyghi0d5zt29xzjd20y:latest/confusion_matrix_table.table.json","path":"media/table/confusion_matrix_table_0_067d67a4303a4649c47f.table.json","ncols":3},"f1_weighted":0.43773946612868253,"f1_macro":0.3375971919898584,"recall_weighted":0.384223053383203,"loss":1.3084119399388632,"_step":0,"roc_auc_ovo":0.8885257278213575}