{"_timestamp":1.749040649638082e+09,"test_f1_macro":0.34570350048427767,"test_roc_auc_ovo":0.8905506991595726,"_step":80,"test_recall_macro":0.5838125177957382,"test_confusion_matrix_table":{"size":1532,"artifact_path":"wandb-client-artifact://77dvq8mjzny92jjsy8dbkj1eztxi2fangmyhwey6hhmfjdm7i9d0b5v6c907flz9olabtkgw0aevylp3qs83evrl6wc9d9usyj222npob1vhy3wh6cila9mizg2c6xnc/test_confusion_matrix_table.table.json","_latest_artifact_path":"wandb-client-artifact://6deb9ad5v8utijth2cbi69i7288zqa9yayy7iatrm0cy2kbbcqeiwla955tg00xrj8n8xfmhtzulye75x3wl3wqb11kah9g2d40zdxtyrc4a4ekb9ggvrl0opgqprgpk:latest/test_confusion_matrix_table.table.json","path":"media/table/test_confusion_matrix_table_80_3bd638011612af0add61.table.json","ncols":3,"nrows":81,"_type":"table-file","sha256":"3bd638011612af0add616987f71768661b9960109d23ad29f05fa9edaf318e5c"},"epoch":79,"test_recall_weighted":0.45617757466949566,"test_confusion_matrix_image":{"path":"media/images/test_confusion_matrix_image_80_82a568d370a5c170e790.png","format":"png","width":1000,"height":800,"_type":"image-file","sha256":"82a568d370a5c170e7909437fde12c014b6191ebeabab442ac21cde7ca934a0e","size":55885},"test_roc_auc_ovr":0.8574703388283712,"test_precision_weighted":0.6903817552130744,"_wandb":{"runtime":39},"_runtime":39.276825812,"test_loss":1.2615614318185382,"test_precision_macro":0.35587479486262463,"train_loss":1.1328044428179662,"test_f1_weighted":0.5090883810949228,"test_accuracy":0.45617757466949566}