{"recall_weighted":0.4518498367791077,"_runtime":8.992377378,"_wandb":{"runtime":8},"fold":5,"precision_macro":0.168855416872912,"_step":0,"recall_macro":0.18506337549427215,"roc_auc_ovo":0.7123003344595106,"precision_weighted":0.4530156211708708,"confusion_matrix_table":{"_type":"table-file","sha256":"1870c4b6defd4842028d33f2479cb65363c37c371552bce11f419c3c93f64643","size":1489,"artifact_path":"wandb-client-artifact://zadbihpv8jtvm7qpmrfcvy8v6w4xe2578cb0quxmklb6q36kgpfh2q79bf1wjyuqpv6zywcwlufjys8j7rlnvnrny4djra4bykxm6ve15nmgrxwdtd5uj2nxu81ev2rz/confusion_matrix_table.table.json","_latest_artifact_path":"wandb-client-artifact://dancx9ut1k0evof2dnpsdkl2en0x5im48y26d9bol2ev9496n0iqkdk2kfjcrkq4qhiq1ppu6x3bl0hbw3eods2kfqv8z9coucsaeomooubvah7hbw90eo8l8uemoj91:latest/confusion_matrix_table.table.json","path":"media/table/confusion_matrix_table_0_1870c4b6defd4842028d.table.json","ncols":3,"nrows":81},"loss":2.04695371512709,"roc_auc_ovr":0.7079228214682021,"f1_weighted":0.41776639383483133,"accuracy":0.4518498367791077,"f1_macro":0.14982011547548937,"_timestamp":1.7482824552889495e+09}