{"train_loss":0.0039130341863104455,"test_true_negatives":430157,"test_precision":0.9973376799782667,"_step":10,"test_specificity":0.9998861010771584,"test_false_positives":49,"test_false_negatives":25,"test_roc_auc":0.9998429470495693,"_runtime":179.225438604,"test_recall":0.9986398998966324,"test_accuracy":0.9998350375735364,"_timestamp":1.7490301266731267e+09,"epoch":9,"test_loss":0.0042003448521110995,"test_f1":0.9979883651389115,"test_true_positives":18356,"test_f2":0.9983791839354285,"_wandb":{"runtime":179}}