{"f1_macro":0.32865902419630766,"recall_weighted":0.481841675734494,"f1_weighted":0.47804262348044924,"_wandb":{"runtime":51},"loss":1.5122196573663402,"roc_auc_ovo":0.8495961691045979,"_step":0,"_runtime":51.813467269,"fold":5,"_timestamp":1.7488007729338205e+09,"roc_auc_ovr":0.8371489465180639,"confusion_matrix_table":{"_latest_artifact_path":"wandb-client-artifact://y4ibip4vb5tbk24mw745c0iu6pzvyq5c5jez6kqe2yukl7hy4qolzo2zh0atkkd2ftujwigbt0qdmelcsyi9kmi8i8uxztcsj3oofiuxsthwu8pnuzg0ysyx2q8lokoq:latest/confusion_matrix_table.table.json","path":"media/table/confusion_matrix_table_0_2b646140c758515e52b5.table.json","ncols":3,"nrows":81,"_type":"table-file","sha256":"2b646140c758515e52b5519a168b02b1f1e85c24026bc4fdd0b6d95bb3eb3c52","size":1519,"artifact_path":"wandb-client-artifact://7v54efbgyycx3gwsaydapvuiy8x9exjy77vqp9pz3psxhjgw8xo0ok4n2wq5yzynehwy8mn1gy0h787t99sumg39xo6uij3ghndwvadtkabcjp6hv6denk6cc5924dcy/confusion_matrix_table.table.json"},"precision_macro":0.3548388119641299,"precision_weighted":0.6288769933170956,"accuracy":0.481841675734494,"recall_macro":0.47257824672197823}