{"precision_weighted":0.6692843801630111,"_wandb":{"runtime":30},"_step":0,"roc_auc_ovr":0.862755823988798,"f1_weighted":0.5262363997744128,"_timestamp":1.7488002504898467e+09,"_runtime":30.036050051,"recall_macro":0.5760457204578417,"confusion_matrix_table":{"size":1524,"artifact_path":"wandb-client-artifact://qj4r9tytsdtyui34vlop87stpcwles328q9v1uzd0hoa1zb2qjmzyxx38cglpv2pk25w71psczrqclm4m04js25m5mmj3ic08r2yg8ddp5r178zh9sajleh5eip1alo1/confusion_matrix_table.table.json","_latest_artifact_path":"wandb-client-artifact://22txigrmqb1lyzskz8gz588xv0aygkwt18rcial3mucpuxse5bsnyxihxmmldxuvp6hrm6r612tu0ux26guyt2cq2x9jbo7mxz6oc91x4syw490p8zesovmdyvt8gr0a:latest/confusion_matrix_table.table.json","path":"media/table/confusion_matrix_table_0_fefd3b88acdc8bf965cd.table.json","ncols":3,"nrows":81,"_type":"table-file","sha256":"fefd3b88acdc8bf965cd1a3d936a03e2578ced3c76ca0c953d72eea9af4b5e2c"},"loss":1.1716107159852982,"accuracy":0.48469804134929273,"recall_weighted":0.48469804134929273,"f1_macro":0.3490155592866701,"roc_auc_ovo":0.8951004571826738,"precision_macro":0.34441518783113334,"fold":4}