{"test_true_negatives":430144,"test_false_negatives":28,"train_loss":0.0039813716438643525,"test_specificity":0.9998558829955881,"test_accuracy":0.9997993700218687,"test_roc_auc":0.9998091342059049,"epoch":29,"test_f2":0.9981074408031412,"test_false_positives":62,"test_true_positives":18353,"_runtime":327.061562268,"test_precision":0.9966331794732555,"_timestamp":1.7490312379294505e+09,"test_loss":0.004249614835846134,"test_f1":0.997554081965431,"_wandb":{"runtime":327},"_step":30,"test_recall":0.9984766878842283}