{"true_negatives":430206,"_step":0,"true_positives":18381,"loss":7.836540491881452e-07,"roc_auc":1,"_timestamp":1.7474148725441816e+09,"accuracy":1,"_wandb":{"runtime":94},"false_positives":0,"precision":1,"specificity":1,"false_negatives":0,"recall":1,"_runtime":94.749738876,"f2":1,"f1":1}