{"_step":0,"_runtime":40.053142505,"fold":1,"_wandb":{"runtime":40},"loss":1.1415994087855021,"f1_weighted":0.44810059217209963,"precision_weighted":0.6768376539590019,"recall_macro":0.5830640344565681,"confusion_matrix_table":{"sha256":"dd1c9f89b1082eba81f5ecadbcdd6fe9babb17fe3aeb588cfd7c9bf9e99f3ead","size":1525,"artifact_path":"wandb-client-artifact://gnjqjm0pxhhczf0uepmoxdx1bjyvwqq3bk0mzka55vtr7ga9abursifem0t3cadk01ite6frdv8yfkch6wclun6ial8qnfypuuy1us8noksslnjp4rgu8vnyd7q15610/confusion_matrix_table.table.json","_latest_artifact_path":"wandb-client-artifact://voaagx30mq8joteq2pntrjf1sakn4gw2hvctgxpe7i2fe7lk03cxizc4pcu2324pdgkd66l1h7rcv0f3ntuowlk7rvugjiu3zaqxzbwrrtj2sc9yoawug9pk6t008o2y:latest/confusion_matrix_table.table.json","path":"media/table/confusion_matrix_table_0_dd1c9f89b1082eba81f5.table.json","ncols":3,"nrows":81,"_type":"table-file"},"recall_weighted":0.40238014280856854,"_timestamp":1.748801052095252e+09,"roc_auc_ovr":0.8627307911405483,"accuracy":0.40238014280856854,"f1_macro":0.32404539548300704,"roc_auc_ovo":0.8949940658578274,"precision_macro":0.3378361526945872}