{"precision":0.9980794293161397,"loss":0.0037363331680858713,"recall":0.9895273716422985,"_wandb":{"runtime":87},"true_positives":14551,"false_positives":28,"fold":4,"_timestamp":1.7474807470445058e+09,"roc_auc":0.9996243873376025,"accuracy":0.9994928511518131,"f2":0.991226038501887,"true_negatives":344136,"_step":0,"f1":0.9937850020489004,"false_negatives":154,"_runtime":87.817101194,"specificity":0.999918643437431}