{"avg_roc_auc_ovr":0.6849906822822625,"_step":0,"avg_recall_weighted":0.19974702611645273,"avg_loss":3.1776314495439117,"avg_recall_macro":0.18369656172191026,"avg_roc_auc_ovo":0.7024031882477839,"avg_f1_macro":0.09109558391679098,"_timestamp":1.7482851097524977e+09,"avg_confusion_matrix":{"path":"media/table/avg_confusion_matrix_0_f40fc34bd90057cff082.table.json","ncols":9,"nrows":9,"_type":"table-file","sha256":"f40fc34bd90057cff0825693140eeb9d90314d76b6fabb967dbd72e328bb1357","size":581,"artifact_path":"wandb-client-artifact://fk7nufi1ttyox0ohlok4wcdsv4yw8xtejcwu6x7j312c1gorrmmjeyzwqnpq06ptnytz97ptoauvg4qwjzardq1378ol8ttjkxtbb7t8wjstx66psnhxq8qm7nbztepm/avg_confusion_matrix.table.json","_latest_artifact_path":"wandb-client-artifact://9zgzepkijjwme0k1qw71pzq8rtd8pkw1dmlj2411wk544vrtl875llg8euscn1g5h2g2tx7yarc287hoak78kzbuybp629u3piewxhds0imhjcfl2cwzlt9yyrmg3x7v:latest/avg_confusion_matrix.table.json"},"_wandb":{"runtime":0},"avg_f1_weighted":0.28288881034178337,"avg_precision_macro":0.2088352775006705,"_runtime":0.980270477,"avg_accuracy":0.19974702611645273,"avg_precision_weighted":0.5430084184071036,"avg_confusion_matrix_image":{"_type":"image-file","sha256":"eaad45724cb8881a3d83446365ee5976b41d291131763409a4202f42c82a9993","size":54868,"path":"media/images/avg_confusion_matrix_image_0_eaad45724cb8881a3d83.png","format":"png","width":1000,"height":800}}