{"roc_auc_ovr":0.8247120359767471,"_wandb":{"runtime":78},"precision_macro":0.32053238641690307,"confusion_matrix_table":{"_latest_artifact_path":"wandb-client-artifact://h1h83wi3j2uy910n2p03vlf1e1uxkc1u28zux37cz3vlzefutgb40dqx3zmmmw8qgpxdpvqvya4ak6qbruohep2tanyyhhzzndcpz2yxc50duhu7resx6zmni3f0c7tx:latest/confusion_matrix_table.table.json","path":"media/table/confusion_matrix_table_0_f97e494ba4bb40642dcc.table.json","ncols":3,"nrows":81,"_type":"table-file","sha256":"f97e494ba4bb40642dcc522547e863f6f1a5e2280c063d7517e1d13bd35f5c9e","size":1525,"artifact_path":"wandb-client-artifact://snj3tetx99pwi6i099z4it44ipvcx06buqhcjzehxmv84bvt36qrv5siut9tckcgd2f068haxysj5sxzacc6a8u7sl28nwpw4ihlvvlfplpfbm3ynvup6w6y97mxzb3n/confusion_matrix_table.table.json"},"_runtime":78.306306362,"roc_auc_ovo":0.8554868293150887,"recall_weighted":0.4305338320299218,"_timestamp":1.748287268047444e+09,"accuracy":0.4305338320299218,"recall_macro":0.5105823700801836,"loss":1.4099043705541154,"fold":1,"f1_macro":0.3260850972085744,"precision_weighted":0.6265095037063417,"f1_weighted":0.4722626732084393,"_step":0}