{"recall_weighted":0.5101332970620239,"f1_weighted":0.5301084461522011,"roc_auc_ovr":0.825862200842825,"_wandb":{"runtime":19},"f1_macro":0.334882064667589,"loss":1.3715892639653435,"recall_macro":0.5396793493963128,"_runtime":19.644368804,"roc_auc_ovo":0.8577272662140789,"confusion_matrix_table":{"ncols":3,"nrows":81,"_type":"table-file","sha256":"a8b54c58d242258bbf0e1b02eee0290b73d19434b253fae6a96aba72e910f7b1","size":1526,"artifact_path":"wandb-client-artifact://319fwwlashp3jrkrjl2vgg756gwd19glmanqvpdzragu3q8qrugefpe7b6z99glqvrosgtthg41s0jenni69gn8g29d99z5il14yahteig0yw6jt5o4m8rfxrmczk4x0/confusion_matrix_table.table.json","_latest_artifact_path":"wandb-client-artifact://3sism9cxr7l5i5sss92lgloia17xpy6fmxnymwyduv5iunugt1jsxjatcv8437qpuc20jukhycvfl7oxtt6uu18troaxvxahhh9hglj1tzqg5eyeqxckuoirisr9z4cb:latest/confusion_matrix_table.table.json","path":"media/table/confusion_matrix_table_0_a8b54c58d242258bbf0e.table.json"},"precision_weighted":0.6392904254086959,"_step":0,"_timestamp":1.7482828431599581e+09,"precision_macro":0.3277463430949863,"accuracy":0.5101332970620239,"fold":5}