{"precision_weighted":0.6877621773334439,"f1_weighted":0.5176340772388067,"fold":4,"f1_macro":0.3482484319549464,"_wandb":{"runtime":28},"roc_auc_ovo":0.8911483603397876,"precision_macro":0.382921701222821,"confusion_matrix_table":{"sha256":"575599959c6d38fcde481cf387dc2d9c1a1ef08fc8c526f6face5236155db997","size":1526,"artifact_path":"wandb-client-artifact://yfpir8vg13juh8r610tcuxpcd94yci1ucqtn0lu5jia9cu8anb19oxf2zk615n0on24wny8qd1ojnol0kttj2lby64brzv3z52zppcbpadcas9yjdkgtdmkz7ho9z29r/confusion_matrix_table.table.json","_latest_artifact_path":"wandb-client-artifact://f7a58jdzpj5ya4ek221ho7hko6ozwz1gk6zspydbfn384brfazktp5d0y2ksbt74gqewloignaoxuz9q2cx2hne0mpvqxyanr0gs0o8e9ebdkmxhfsbyvnz1zrc7z0k4:latest/confusion_matrix_table.table.json","path":"media/table/confusion_matrix_table_0_575599959c6d38fcde48.table.json","ncols":3,"nrows":81,"_type":"table-file"},"_step":0,"_runtime":28.099622634,"loss":1.2771090110143026,"roc_auc_ovr":0.8704844738136669,"recall_macro":0.5356526729377639,"accuracy":0.45973884657236125,"recall_weighted":0.45973884657236125,"_timestamp":1.7488011542077022e+09}