{"confusion_matrix_table":{"ncols":3,"nrows":81,"_type":"table-file","sha256":"3ca33e4d691b9c9d24f89d8e65833454ac9ab6fd6aaff91241a70ed84ab1c531","size":1523,"artifact_path":"wandb-client-artifact://ub58v3lqb8e9p9ltcaqyfm3y9l136clp59m6fn2an8c990vbxr7kqpixl344wlaqxs1mob7u1hikwj8i98caxlx07vzwicb2cxu9la5rrxt0eqtv3jkvuli50ez769wh/confusion_matrix_table.table.json","_latest_artifact_path":"wandb-client-artifact://xttrh8609th81r67o6mi3xszf80iuf87xpacp86muf3sd2av7gy0ax5ggxtuvuo420ahfrmiqiigcrpn1amr8rexzbyurz2kdtlh2nv9kj0hq1yzqytz8a06aet7lc6c:latest/confusion_matrix_table.table.json","path":"media/table/confusion_matrix_table_0_3ca33e4d691b9c9d24f8.table.json"},"recall_macro":0.5635095737511451,"_runtime":51.883779312,"f1_macro":0.4023772177639987,"roc_auc_ovr":0.8574046308037013,"_wandb":{"runtime":51},"precision_macro":0.3769432227592208,"fold":3,"accuracy":0.5528051683100986,"_timestamp":1.7488006638315597e+09,"roc_auc_ovo":0.8821549072522006,"loss":1.2872643587557044,"precision_weighted":0.6553459269574448,"f1_weighted":0.5774944353692902,"recall_weighted":0.5528051683100986,"_step":0}