{"true_negatives":344138,"roc_auc":0.9998361406432121,"fold":3,"f2":0.9927271736761821,"precision":0.998219665844974,"loss":0.0032489988901134993,"false_positives":26,"accuracy":0.999573660583667,"_step":0,"_runtime":88.452178067,"false_negatives":127,"f1":0.994779760483128,"_wandb":{"runtime":88},"specificity":0.9999244546204716,"_timestamp":1.7474799578597684e+09,"true_positives":14578,"recall":0.9913634818089085}