{"avg_recall_weighted":0.5102617565106137,"_timestamp":1.748286098696925e+09,"_runtime":0.943149551,"avg_loss":1.1887310587126634,"avg_precision_weighted":0.6878319986959575,"avg_roc_auc_ovo":0.8961558808223298,"avg_recall_macro":0.5888388797944517,"avg_f1_weighted":0.5444417415044083,"avg_precision_macro":0.37006363492898425,"_step":0,"avg_confusion_matrix_image":{"height":800,"_type":"image-file","sha256":"5e39fcebc205b164f21ba5cfc2756f16145712096c6c1bcae5159c516dfcabd3","size":69366,"path":"media/images/avg_confusion_matrix_image_0_5e39fcebc205b164f21b.png","format":"png","width":1000},"avg_f1_macro":0.38270819799865147,"avg_roc_auc_ovr":0.8688065050895253,"_wandb":{"runtime":0},"avg_accuracy":0.5102617565106137,"avg_confusion_matrix":{"nrows":9,"_type":"table-file","sha256":"8697fa1d35d27d5019bbdacf40155e35d17481922396d5eb233f571b030b084b","size":620,"artifact_path":"wandb-client-artifact://cv8iyehzr38ovx8yxfe6e43zbcjf86f1ksjh5892n0op18lgkh0t27szmutbrtqm88rcdljqgg9m94r2yy571ebpxw7vmnbv3a2fr2i9hnidu97wnivq3yrfps68gag3/avg_confusion_matrix.table.json","_latest_artifact_path":"wandb-client-artifact://7uyu9kg5iuv04w5qhfqf0fh1dsflukeg6o897ppgawz5553vkopknfq7m5xj1dntomv4ltxtz4qs08h876kz28of34m6q79zbd0fzpan56s41p0cwjs5zqoorqtgw5m3:latest/avg_confusion_matrix.table.json","path":"media/table/avg_confusion_matrix_0_8697fa1d35d27d5019bb.table.json","ncols":9}}