{"_step":0,"precision_macro":0.3407686490992227,"loss":1.482490098087684,"_timestamp":1.7482876291514723e+09,"confusion_matrix_table":{"_latest_artifact_path":"wandb-client-artifact://klr0knk5hfuhfyc22iai64hr52ra6tk3vi3c3wa3fn7olji2fadf8vz30asdh1cax05mokdmpeatryndl0a69jevp8a1xgkhpjb4urhba7fa2l0j1ezd5l9n76ckxxp0:latest/confusion_matrix_table.table.json","path":"media/table/confusion_matrix_table_0_846f5b82ffaaf5ad2653.table.json","ncols":3,"nrows":81,"_type":"table-file","sha256":"846f5b82ffaaf5ad26535556064b13e233e71c3ad99afd015b0c9600089e7213","size":1525,"artifact_path":"wandb-client-artifact://o6psydzvi3dbz6a7bns0i6fu17rblu36fsyb2tpwwsadqdvftg79f02liauayit299v2ujnc7374u4s51mryxqvtnwreiyxio9140xchua9qwdtbhcc8t4q5llbbrzqv/confusion_matrix_table.table.json"},"roc_auc_ovo":0.8519424486895919,"roc_auc_ovr":0.8292299545562144,"f1_macro":0.33837313113002243,"fold":3,"f1_weighted":0.5013742250648324,"accuracy":0.47568854131247873,"_wandb":{"runtime":42},"_runtime":42.321790462,"recall_weighted":0.47568854131247873,"precision_weighted":0.6137256322762815,"recall_macro":0.5010103723390248}