{"f2":0.9964361984302951,"_wandb":{"runtime":82},"recall":0.9963955386289445,"loss":0.003948057479606683,"true_positives":14651,"fold":1,"precision":0.9965988708251139,"accuracy":0.9997129871903118,"roc_auc":0.9996905220069701,"_runtime":82.901646536,"f1":0.9964971943547016,"specificity":0.9998547208461058,"false_positives":50,"_timestamp":1.7474797810954273e+09,"_step":0,"false_negatives":53,"true_negatives":344115}