{"avg_roc_auc_ovr":0.8684086554767452,"avg_recall_weighted":0.49523239228956567,"avg_confusion_matrix":{"_latest_artifact_path":"wandb-client-artifact://b0oqufmmhv8i6vmfn7nx71v4rtjjuqxoj9379jighttoxja72wsf0po6n6y5cmfgku1rzvsz6cqg2qz81fgftpdod3m5a58fqzl6r2lov1aiuwtpzqn8gkxxxv2cfil0:latest/avg_confusion_matrix.table.json","path":"media/table/avg_confusion_matrix_0_ea8ce2669e5e62602d6f.table.json","ncols":9,"nrows":9,"_type":"table-file","sha256":"ea8ce2669e5e62602d6f3af280a043d1c0a1f721032d4451dc407365a80313de","size":621,"artifact_path":"wandb-client-artifact://qgfkdiv6wo061tmtuy3mxpi7h18i6t2576wyhr2qyu4mameiplem0xy7ript8kihn3ga6bxi4iqp05jotl5ses85qna7rrhzdt9dw6kialv0jp5jrxjiyeqxlektv0vu/avg_confusion_matrix.table.json"},"avg_precision_macro":0.38392195260948925,"avg_loss":1.1910272330045701,"avg_recall_macro":0.5945054955306717,"_runtime":1.178420788,"avg_f1_weighted":0.5305227355091083,"_step":0,"avg_accuracy":0.49523239228956567,"avg_roc_auc_ovo":0.8970133972728671,"_timestamp":1.7488005021768134e+09,"avg_precision_weighted":0.6916783598422906,"_wandb":{"runtime":1},"avg_f1_macro":0.3897427538908926,"avg_confusion_matrix_image":{"height":800,"_type":"image-file","sha256":"d45df1ab0176b2665b3e9b01e607cb6c65c251afd8549834c5d690fc6ba73149","size":67547,"path":"media/images/avg_confusion_matrix_image_0_d45df1ab0176b2665b3e.png","format":"png","width":1000}}