{"test_f1_macro":0.33918876223404104,"test_recall_macro":0.5728783683816637,"test_f1_weighted":0.49823325961120474,"test_roc_auc_ovr":0.859088143315315,"test_confusion_matrix_table":{"nrows":81,"_type":"table-file","sha256":"4aa3c55ec353df47a540cbcbfd353e5b904187ac61c354ec13e952acfaefeaa4","size":1531,"artifact_path":"wandb-client-artifact://3bwo58vp1szgmcxq1zgqzswpzkzarza4xcj2zz4mkju56t1y85jrazrtbu9325xuq4yj5m7dnnehf8wj8x66ssfq4luk6061faxmlw26j8tg2l92rmgnpzxuk8qcmncm/test_confusion_matrix_table.table.json","_latest_artifact_path":"wandb-client-artifact://k4xoavp0tgd9xhia3nya5ohr4jmfklod3xg8yrsst5250z9a5r7qlfoogv0bn9gipc0o2875hlqecynq35je4ieeer2v78kycj5gchqah7v9ja6gkc6swu0vadtgzrpq:latest/test_confusion_matrix_table.table.json","path":"media/table/test_confusion_matrix_table_80_4aa3c55ec353df47a540.table.json","ncols":3},"_wandb":{"runtime":50},"train_loss":1.2113542222976685,"test_recall_weighted":0.4524236983842011,"_step":80,"test_precision_weighted":0.6718552457039978,"_timestamp":1.7490404606878643e+09,"test_confusion_matrix_image":{"height":800,"_type":"image-file","sha256":"53f9ef2b06127c71f2672460f27cd48ead7ac15bd436794ba596d324dd6ebdb7","size":55526,"path":"media/images/test_confusion_matrix_image_80_53f9ef2b06127c71f267.png","format":"png","width":1000},"test_roc_auc_ovo":0.8877731032968355,"_runtime":50.707894035,"test_precision_macro":0.33839138174315053,"test_loss":1.2677548237972789,"test_accuracy":0.4524236983842011,"epoch":79}