{"accuracy":0.4073041349292709,"_timestamp":1.748799703300423e+09,"_step":0,"roc_auc_ovr":0.8695569200363088,"loss":1.1800491730372111,"precision_macro":0.33872290138106476,"confusion_matrix_table":{"size":1524,"artifact_path":"wandb-client-artifact://ch457uvh35wb9cddsy96wzkj1sfw016h6dcljkv4e940i3gxtpgz53pdj50u6hsqoarr1kayuj3cxuqzh0wqeg0evteyr3t5rmia7tgbdl8s0im0nvlgnex9ixdmsgzu/confusion_matrix_table.table.json","_latest_artifact_path":"wandb-client-artifact://0oj5w37grun7s37ddsp9wufr0xfmlq8y8wqzjdogs9nwcpjm6jmx55z6b58copw92tiye2qe26c0jfoiw9s0nop6xm6v26l5ix5g00g19xgd82wz24slzunrbtbznuin:latest/confusion_matrix_table.table.json","path":"media/table/confusion_matrix_table_0_b4d32f829635640d8aad.table.json","ncols":3,"nrows":81,"_type":"table-file","sha256":"b4d32f829635640d8aadfd84be5a638d82565ddd6840baffdf6513d890359fd2"},"_runtime":38.747290228,"f1_weighted":0.4398650875605875,"f1_macro":0.3182872522419341,"_wandb":{"runtime":38},"recall_macro":0.5825598367075089,"precision_weighted":0.6687632956250535,"roc_auc_ovo":0.9032861412342024,"recall_weighted":0.4073041349292709,"fold":4}