{"_step":0,"confusion_matrix_table":{"sha256":"26e6939b154398abeb2c536bf2e225abffbb530cf0de3040564b379a95ed01d2","size":1520,"artifact_path":"wandb-client-artifact://ptiglpu87p781h43txjijcp700d27jnfw586dzs9tg159317od1kbey6f6je86hvz7z495kvj6udko3x81fmfwqiov2wcbbpazg79y37xf1xeu39ztxjd6gsbnxmmfmu/confusion_matrix_table.table.json","_latest_artifact_path":"wandb-client-artifact://c575p4l83uv62tfauzom9p4ap07bbmpqw3eyj38370vmolci9d0lr1pljpvf91qw5d4qpyg3txf11o7e6zkqqaeazqzi6eouhemqso4oal08dg4cnif4eobpq09u4sai:latest/confusion_matrix_table.table.json","path":"media/table/confusion_matrix_table_0_26e6939b154398abeb2c.table.json","ncols":3,"nrows":81,"_type":"table-file"},"roc_auc_ovo":0.7655645591783505,"roc_auc_ovr":0.7479372233162276,"recall_weighted":0.49146548792927575,"_wandb":{"runtime":43},"precision_macro":0.3378913530660099,"_timestamp":1.7483642981417577e+09,"loss":1.885901683828105,"accuracy":0.49146548792927575,"f1_macro":0.3511197097146257,"precision_weighted":0.6291572955877559,"_runtime":43.446239574,"recall_macro":0.5125519947649546,"fold":3,"f1_weighted":0.5245973947189542}