{"confusion_matrix_table":{"_latest_artifact_path":"wandb-client-artifact://04dgoqqkh8tlrpyysfqf2lvogkxe0iolejyf64t3waomrmthf9oeunjzit3h3hooeh62zxcxwegix4dda1rxftreve4gdwv7urwz0thme15zsj13w0b5k9fjhp0cw4xg:latest/confusion_matrix_table.table.json","path":"media/table/confusion_matrix_table_0_34e8ece76a8755e05dab.table.json","ncols":3,"nrows":81,"_type":"table-file","sha256":"34e8ece76a8755e05dab365caa0967bce596164a92ebef8aec62865c1a62ba21","size":1521,"artifact_path":"wandb-client-artifact://itn6ktfmndl50xtcm599qolzyv5w0l34kksl6vtc1sb614fkkphm78yalyo3bbsz5a3o0ckrft5rf3r69zp0dp6658vd2uni9yg8ygyzaanxaje3ncahpxuojiqycpb2/confusion_matrix_table.table.json"},"f1_weighted":0.5109968163040596,"loss":1.8855452726716582,"_step":0,"f1_macro":0.3278500060076607,"recall_macro":0.5050045692947231,"accuracy":0.49928595715742946,"fold":2,"precision_macro":0.3215186567178083,"precision_weighted":0.6344048129674218,"_runtime":42.69900138,"recall_weighted":0.49928595715742946,"roc_auc_ovo":0.7792889374993172,"_wandb":{"runtime":42},"roc_auc_ovr":0.7374520741732018,"_timestamp":1.748364252162212e+09}