{"fold":4,"confusion_matrix_table":{"path":"media/table/confusion_matrix_table_0_9511054b60efbd900e5b.table.json","ncols":3,"nrows":81,"_type":"table-file","sha256":"9511054b60efbd900e5bfed3d2f9078990ea4f3dc1fb4489b07a3377f7c7764f","size":1521,"artifact_path":"wandb-client-artifact://t9dux2aclojowwupe0zm29tmlviij1uag3bkwqpn2vutdn93jxc53hi87ru2gtj8qaqsm0icx1w2z0xv29c3xoeei316ggepraugr60urvc800aj19rpjaks1f1hd074/confusion_matrix_table.table.json","_latest_artifact_path":"wandb-client-artifact://gwy951spkqufedjjcmf2a20bjqypqzidd7ezfgwj7w3ohg8d1lo58u7ojpb54y645eh1rd59snf0k5cgwpdouljhfcfrgpn2ce3ufyc0emtn5o6ypolg65cpz3na4ogn:latest/confusion_matrix_table.table.json"},"recall_weighted":0.4585146898803047,"precision_weighted":0.598495866408433,"f1_macro":0.293986566885476,"_runtime":43.298085804,"recall_macro":0.48817592802462795,"precision_macro":0.30192511655766385,"_wandb":{"runtime":43},"roc_auc_ovr":0.8040384642946028,"roc_auc_ovo":0.830576974532351,"accuracy":0.4585146898803047,"loss":1.5027152065349663,"f1_weighted":0.47191056559858807,"_timestamp":1.7482847058707252e+09,"_step":0}