{"avg_accuracy":0.48859463444846957,"avg_f1_macro":0.37394229634758686,"avg_confusion_matrix":{"nrows":9,"_type":"table-file","sha256":"a34a9a59ffea251f08ab75fafc4d8949023b287044a998e4709ef0b278faa377","size":624,"artifact_path":"wandb-client-artifact://ecwjmoorwlkuyk0xzkc5pnxemqzmmzvf3rw5pseuleh9z1s5jvh8cc4ngdxxfqnlhh4zxprwrrqliyolyinv2rhzmbusv1xgl8o94oc8n9s0oiqb07h0fkdop445wsjo/avg_confusion_matrix.table.json","_latest_artifact_path":"wandb-client-artifact://ho27899gmnl3n7pnf16iupqkc31jsh0zwwry9chx9fra7le3iq4gz79rvjp92j7he6yfx2an83e5wyztxfff3zgpugz3to89h0lh91wyyu7uecpguk2c7gj0hsqlza6v:latest/avg_confusion_matrix.table.json","path":"media/table/avg_confusion_matrix_0_a34a9a59ffea251f08ab.table.json","ncols":9},"avg_confusion_matrix_image":{"sha256":"1e54643f83b33faa4a61839efe5ac32cdbb569eb6a83c56095b62173c0db413c","size":69422,"path":"media/images/avg_confusion_matrix_image_0_1e54643f83b33faa4a61.png","format":"png","width":1000,"height":800,"_type":"image-file"},"avg_recall_weighted":0.48859463444846957,"avg_f1_weighted":0.5284464589311323,"_timestamp":1.7487997479676762e+09,"_step":0,"avg_recall_macro":0.5972414552403665,"avg_loss":1.17275039712588,"avg_precision_weighted":0.6831063574415174,"avg_precision_macro":0.3694014803016775,"_wandb":{"runtime":0},"avg_roc_auc_ovr":0.8719470097373726,"avg_roc_auc_ovo":0.898695923898482,"_runtime":0.928460955}