{"fold":2,"f2":0.9981245668157047,"specificity":0.9997849862274962,"recall":0.998911934716083,"true_negatives":344090,"roc_auc":0.999644023248036,"_timestamp":1.7474805735050175e+09,"_step":0,"_wandb":{"runtime":88},"true_positives":14689,"precision":0.9949874686716792,"false_positives":74,"_runtime":88.559756532,"accuracy":0.9997492121080395,"f1":0.9969458395547712,"false_negatives":16,"loss":0.0041376112963512745}