{"f1_macro":0.1301389798464497,"accuracy":0.5085690968443961,"loss":1.4623081499132617,"_timestamp":1.748280599576531e+09,"roc_auc_ovr":0.6172814522976354,"confusion_matrix_table":{"artifact_path":"wandb-client-artifact://xznuz5xkgmnfr8q7uog80o6wrz07xm53ovs30n5o9mpnjefs4826ejf0cntu0tq9brvet0mlkdhexfb3d4099sbaugwk3uhmkx22f6uyn42xormn24fxl1zpq54smbb5/confusion_matrix_table.table.json","_latest_artifact_path":"wandb-client-artifact://j7a1199qzfh0dhbtg80g7icy8y6wc9hv5eyw32otjx9mol6n9nfav0l06ufc4x6cjfd9y91jsvscio22wnn64fup82dfsq86g4uyqr4ajnf3lbssxeh757hz0mwb2iit:latest/confusion_matrix_table.table.json","path":"media/table/confusion_matrix_table_0_110eb4ffb7e086bb4a5b.table.json","ncols":3,"nrows":81,"_type":"table-file","sha256":"110eb4ffb7e086bb4a5bcb3d71e5cc613af07751912126686c95a0a141b36bb1","size":1474},"recall_weighted":0.5085690968443961,"fold":4,"precision_weighted":0.35831474006632413,"recall_macro":0.15827719376544216,"f1_weighted":0.4202533509824222,"_runtime":8.869647984,"_step":0,"precision_macro":0.11057686781474883,"roc_auc_ovo":0.5942536036119698,"_wandb":{"runtime":8}}