{"f1_macro":0.06617222918388363,"recall_macro":0.11038873123575266,"precision_macro":0.053788447273542754,"fold":2,"roc_auc_ovr":0.5600820017998056,"confusion_matrix_table":{"ncols":3,"nrows":81,"_type":"table-file","sha256":"9833c6de0de78ebd10aa968da2c20eea148652764ece6119e38a32c5bc693ea8","size":1462,"artifact_path":"wandb-client-artifact://5c5xh3v3dwtm6n4or3xcni5skrz5179agu91dfrwfak9z5925pf3y7ggj13zudsyz0xzmzk0lf3uajdlkaxkzsbh4kp7ymu4il917mzirmy0ty8g0i37gcb08eka2y1d/confusion_matrix_table.table.json","_latest_artifact_path":"wandb-client-artifact://w4m884cslhwci6o1m06lbrjjwc50m24ik1v801p2akuejfae73ewa7wch1rcsnv96426kh5w7t7uhywpipm4srzh5wz2np8v30qjlxsk5jv343212nngtg7qrxv9tmjc:latest/confusion_matrix_table.table.json","path":"media/table/confusion_matrix_table_0_9833c6de0de78ebd10aa.table.json"},"_step":0,"f1_weighted":0.2510653868769207,"roc_auc_ovo":0.5455709390594374,"_timestamp":1.748280529889385e+09,"recall_weighted":0.4193811628697722,"_wandb":{"runtime":9},"precision_weighted":0.19555109290876657,"_runtime":9.846582616,"loss":1.6215209077144492,"accuracy":0.4193811628697722}