{"roc_auc_ovo":0.5618820368006616,"fold":1,"recall_macro":0.11391005183095378,"_timestamp":1.7482798504246707e+09,"precision_weighted":0.2926476693313854,"confusion_matrix_table":{"_type":"table-file","sha256":"dac72d062610322bc6d1d1aad8293eab8d224c4f2217d8657c172c503617884f","size":1467,"artifact_path":"wandb-client-artifact://0v3mlxmuk6teu1deqv6a9irm3r3op1zpvxq6f6v53nmmkvw2br6huq9guja3m0a1erot2mkn49rc5jcn1we52bebsaraane2lzky1rjrhylge3fnmky2yy07rb7tz08b/confusion_matrix_table.table.json","_latest_artifact_path":"wandb-client-artifact://g2v3or6lytc6io7zmopyy761758b42ls0694jdiv1h1bhvcnpcbeggke4qqfqp5xzn7bucizb02h9jf1rzt6mclrbo7r8ca07uktxndxp18ld2z65qfmwe5i95jx3azr:latest/confusion_matrix_table.table.json","path":"media/table/confusion_matrix_table_0_dac72d062610322bc6d1.table.json","ncols":3,"nrows":81},"_wandb":{"runtime":4},"f1_weighted":0.27303457796787733,"precision_macro":0.0922218149400164,"_step":0,"recall_weighted":0.4269296157769466,"_runtime":4.617252151,"roc_auc_ovr":0.5998511715054711,"loss":1.5885048426430801,"accuracy":0.4269296157769466,"f1_macro":0.07472197580328616}