{"roc_auc_ovr":0.8676904471859621,"f1_macro":0.36527936712557996,"accuracy":0.43740224413464807,"precision_weighted":0.7095808254137689,"precision_macro":0.383239277020689,"roc_auc_ovo":0.8952984944086761,"_runtime":42.883223367,"loss":1.1704753398895265,"_wandb":{"runtime":42},"_timestamp":1.7487996192849798e+09,"fold":2,"recall_macro":0.5851536521728844,"_step":0,"confusion_matrix_table":{"_type":"table-file","sha256":"a4da2fe7d09b35105a8ee9d29e1b048636edee39ea9489e971bf7739b1039d20","size":1520,"artifact_path":"wandb-client-artifact://e17uf5usjpqs6esluskkd4xuu87ccjqr15xjsve72tf6knmbuf6j333m8imehktygjphtc2zu0qt7j8uj95zeyx7u0428z18jfj2p3zc5w7esb5lsig58rsdqlcvor82/confusion_matrix_table.table.json","_latest_artifact_path":"wandb-client-artifact://eywl1fnj9hfmh13tfhv4pdmz9jxbf70x427e86jctokvyerz7pz5ppljs4kfbbj79j7eflqnotm2we5bt1ahkm7v5udgwjcgg89ipudxz1dnj0zs049y4rc9vmjphcr8:latest/confusion_matrix_table.table.json","path":"media/table/confusion_matrix_table_0_a4da2fe7d09b35105a8e.table.json","ncols":3,"nrows":81},"recall_weighted":0.43740224413464807,"f1_weighted":0.5011168371180327}