{"fold":4,"loss":1.1909576336542764,"recall_weighted":0.545157780195865,"_wandb":{"runtime":34},"_step":0,"f1_weighted":0.577137058405321,"_timestamp":1.7488015647892284e+09,"precision_macro":0.38484323387561664,"confusion_matrix_table":{"_type":"table-file","sha256":"52146d31d876b09578d151ab76dc0496cfd7db6c93acdddbfe59a8312529b9f2","size":1527,"artifact_path":"wandb-client-artifact://nwvx5k2gcqajoyb6mpsu4jh5e2b1f1smq07n8evqxa62kj0oun7ds2z2t7wdmnz9fjqcr9ov70sfri7dt0fl3oiyks6xojopd41qxftccpk9zgjttw2bdy0ujxal4eqn/confusion_matrix_table.table.json","_latest_artifact_path":"wandb-client-artifact://g4zioznmnzq0d9i8d4iknyiz2n9zli1wr8pp70428lz01iksp9gydyv5086p9pjehqb9i8i92pihr1tkrr66tl5vh289aykijxocxiufiwg6z7gq0ex7ma0cq9u4wntc:latest/confusion_matrix_table.table.json","path":"media/table/confusion_matrix_table_0_52146d31d876b09578d1.table.json","ncols":3,"nrows":81},"accuracy":0.545157780195865,"roc_auc_ovr":0.8632432588252394,"roc_auc_ovo":0.8903391894533799,"precision_weighted":0.660093105604128,"_runtime":34.133968218,"f1_macro":0.3821075526842478,"recall_macro":0.5790918759437444}