{"test_f1_weighted":0.5310227796507716,"test_precision_weighted":0.6582417538070597,"_wandb":{"runtime":34},"test_recall_macro":0.5648289606584664,"test_roc_auc_ovo":0.8856191810704687,"test_confusion_matrix_image":{"format":"png","width":1000,"height":800,"_type":"image-file","sha256":"753d889caef07afbbb683c3bb76e1765d20d860ec04d448598db524e2d02c23f","size":55491,"path":"media/images/test_confusion_matrix_image_50_753d889caef07afbbb68.png"},"test_loss":1.269607777396838,"test_accuracy":0.5068277025189054,"test_roc_auc_ovr":0.8576988934282126,"_runtime":34.261452782,"test_f1_macro":0.3771175743534141,"_timestamp":1.7490394720907302e+09,"train_loss":1.1745963003486395,"test_confusion_matrix_table":{"nrows":81,"_type":"table-file","sha256":"d9ba85042820115abd6267fafbfbdc0c9e9fec56373a88e626cc8a4b1aaddc8e","size":1528,"artifact_path":"wandb-client-artifact://uyp34tm5r5a8dkn525i4f5ry8saeejmvl0hiku27u96pe8esszi8nnp48jo253rrpe4fiaehanvkrjk1m3fton4bhxjbhdu5tx7rlealy49180mzuheejflmvpp497go/test_confusion_matrix_table.table.json","_latest_artifact_path":"wandb-client-artifact://tpxry94hzvzy5vehecb8pkef2pt707bfx7zeqkh96ojdwd7ho6m7e9ih9tbhixzcqdcmvwhah3nni9ay7mbikria4v5ae7odncoymb03am2v6edwmr4cdg3sql96ur8j:latest/test_confusion_matrix_table.table.json","path":"media/table/test_confusion_matrix_table_50_d9ba85042820115abd62.table.json","ncols":3},"epoch":49,"_step":50,"test_precision_macro":0.3560791177013587,"test_recall_weighted":0.5068277025189054}