{"_step":0,"roc_auc_ovo":0.5811372597979703,"_runtime":4.905469712,"precision_macro":0.06484829327597115,"fold":3,"f1_macro":0.06740719663922572,"_wandb":{"runtime":4},"f1_weighted":0.2545706710914342,"accuracy":0.42196531791907516,"precision_weighted":0.22360103572929793,"confusion_matrix_table":{"sha256":"bb268ca568abee220830bd54c4d653c3eba5251faf15f6cc7d168da3f811ee68","size":1465,"artifact_path":"wandb-client-artifact://lkt2qiqv86wc2gnm7hgswsl8k81raq7n0q9ptlj1yousy6ga2c5ac6vk1rz8rh5tms6lghka29m53xovip3p652b21igshvbr6uljrjbwp0xkbnb5ga7m0rto57vf31n/confusion_matrix_table.table.json","_latest_artifact_path":"wandb-client-artifact://4505tpu61oj3ktfxyriitp8isbslmewznj33ear3qta59bl8mmcwlwhtzxlao9xmv8epr2rk29edql0m3og4bntg4yx5nqpkia4f72vqgh4bg5oh2dax5f5pjisj1kfg:latest/confusion_matrix_table.table.json","path":"media/table/confusion_matrix_table_0_bb268ca568abee220830.table.json","ncols":3,"nrows":81,"_type":"table-file"},"loss":1.6073576684655815,"_timestamp":1.7482803220119238e+09,"recall_weighted":0.42196531791907516,"roc_auc_ovr":0.599612662882734,"recall_macro":0.11124359446022584}