{"_step":50,"train_loss":1.2842594080385954,"test_recall_weighted":0.4655350633806648,"_wandb":{"runtime":41},"test_precision_weighted":0.6427547135105361,"test_roc_auc_ovr":0.8427648390945927,"test_accuracy":0.4655350633806648,"_runtime":41.930571769,"test_f1_weighted":0.495627743287441,"test_confusion_matrix_table":{"_latest_artifact_path":"wandb-client-artifact://b4cch1lz9hbm0c2k9ziu239pvcdo958jkw50zhewd41yxlviexecg446aa272gix4ukiopt546yhdcz5f16mpvqsozd32e9eeuzxwd8m7gyt82wmypdiwbpdzw5ffsj5:latest/test_confusion_matrix_table.table.json","path":"media/table/test_confusion_matrix_table_50_48dd1e15f2facdc09252.table.json","ncols":3,"nrows":81,"_type":"table-file","sha256":"48dd1e15f2facdc09252ddc768fea933c9d618f856be5b83e9eeb948aaff7ae0","size":1533,"artifact_path":"wandb-client-artifact://wgcks1109qgrwylffaeu5ubkfwqc9jwevhoj172y22a66dwdlks4r3b33zta6c4is5mlpqaz2fcri6kr4i3nopl8lhiw82j69ykra0if857m41hrpjxt8skf6liklhya/test_confusion_matrix_table.table.json"},"epoch":49,"test_recall_macro":0.5426045507072612,"test_loss":1.3205580914186106,"test_precision_macro":0.3266102624007941,"test_roc_auc_ovo":0.8733838801357585,"_timestamp":1.749038841812264e+09,"test_f1_macro":0.33596224945510045,"test_confusion_matrix_image":{"width":1000,"height":800,"_type":"image-file","sha256":"92e25bbbd8e5934b6c86a25360a247e4eed708b5bdf2c52f01f4a9c1d6323e13","size":55070,"path":"media/images/test_confusion_matrix_image_50_92e25bbbd8e5934b6c86.png","format":"png"}}