{"roc_auc_ovr":0.7922607464813609,"roc_auc_ovo":0.8214234744700138,"accuracy":0.44776931447225243,"fold":4,"f1_macro":0.2865566187645715,"_wandb":{"runtime":50},"loss":1.5297751534244288,"recall_weighted":0.44776931447225243,"confusion_matrix_table":{"_type":"table-file","sha256":"6f23a76ba3be3b1b118a8734479f9a04a596cbbdee155a7eba7e8a42a381ba38","size":1520,"artifact_path":"wandb-client-artifact://180lhivc9tj7kczc8tht6wkzcjauwz656glq8gkzu2hxdla0mmp9jvs92r0d15dle39a9wlvdcqykukcabtq1zp16sllecf5wo73wf1vsngp0rugoisj30se9vi39s0s/confusion_matrix_table.table.json","_latest_artifact_path":"wandb-client-artifact://va3zm6773kvxs5874rqhgjiqz7b1ubmszf9ltthetoz80kvt64qzg01c0xchdlr99tg98my1a4a0vjlc44q9ojmaszznl9wngtae7xnsmlf8efx1z49kw7vigykigu4r:latest/confusion_matrix_table.table.json","path":"media/table/confusion_matrix_table_0_6f23a76ba3be3b1b118a.table.json","ncols":3,"nrows":81},"_runtime":50.656076869,"precision_weighted":0.5947066439488186,"_step":0,"recall_macro":0.4684995451396126,"f1_weighted":0.4638179957556565,"precision_macro":0.29783668417083975,"_timestamp":1.7482855479970102e+09}