{"test_roc_auc_ovo":0.8706652865394956,"test_confusion_matrix_image":{"format":"png","width":1000,"height":800,"_type":"image-file","sha256":"9fd98217555172db102e86d14e4e1975dbfcd1396893f67f53216df5e85d049f","size":56723,"path":"media/images/test_confusion_matrix_image_80_9fd98217555172db102e.png"},"test_recall_macro":0.5201893163638125,"test_precision_weighted":0.6721522086031544,"_runtime":64.784808014,"test_roc_auc_ovr":0.8399403167149095,"test_f1_weighted":0.4017103667334655,"_timestamp":1.7490387408929741e+09,"test_confusion_matrix_table":{"path":"media/table/test_confusion_matrix_table_80_f0f15f88ca26dca4f7d8.table.json","ncols":3,"nrows":81,"_type":"table-file","sha256":"f0f15f88ca26dca4f7d85d4fd94e7ca0ed1f6ac773bf351f0beac9e590356298","size":1526,"artifact_path":"wandb-client-artifact://j6dvd4llt1ipvgb6vkdvmnz3sdjg2p8m8u6smiu0j7wu8zvle5q4a9z80ygdlad454bhirzlq6g4wt9w5nrsar458t1dtb9bq7gg43cwphpib94l8n8ud95jlqv5i0z2/test_confusion_matrix_table.table.json","_latest_artifact_path":"wandb-client-artifact://nmshuiaraypbh4j6inomh59tubokxh9inyfhwmun56uhfywg2n4i5bw2f6v1nx5gw4ndks6sqqv09efrkyux26y14vzu1n91ph6wfdd5f98kcubyfw6yyltx74t1a5b4:latest/test_confusion_matrix_table.table.json"},"_step":80,"_wandb":{"runtime":64},"test_loss":1.3728870592183537,"test_recall_weighted":0.4084108590392253,"epoch":79,"test_precision_macro":0.3562667950777189,"train_loss":1.2735206739798837,"test_accuracy":0.4084108590392253,"test_f1_macro":0.2870585549286742}