{"recall_weighted":0.46725603536212174,"_step":0,"_runtime":9.670303941,"roc_auc_ovo":0.7275772807578731,"loss":2.039265503143442,"f1_weighted":0.455774619066749,"recall_macro":0.19537784557996674,"f1_macro":0.1799869340633763,"_timestamp":1.7482824243940775e+09,"confusion_matrix_table":{"artifact_path":"wandb-client-artifact://26ufxr9zob1081qonx2p9uqiwsmeo17i4mra56c7jz4lezrhwfol4ylfkaoetlg823rjpovqero0u1nwinf0uuodnoqu9s9p25cd6joo8ewt9lhyxxurvnem5em1x2qz/confusion_matrix_table.table.json","_latest_artifact_path":"wandb-client-artifact://6sjyf45sihvwub9wvuceoa7mf3b0hj8ue7tvpjynl84cejwypzfv8ec67kzaqeig3t5disp1nhhx2dh40egwqyser02xmex3u95ux8xr8dfrawxnc8jvisbuqdd0wunb:latest/confusion_matrix_table.table.json","path":"media/table/confusion_matrix_table_0_e5f6437bf562909d4ae3.table.json","ncols":3,"nrows":81,"_type":"table-file","sha256":"e5f6437bf562909d4ae3a83ef190a3ecb617ed65a93ed115dcfa2b6edf7760e9","size":1497},"precision_weighted":0.49488081562195574,"roc_auc_ovr":0.725861276258781,"precision_macro":0.2710554771295782,"fold":2,"accuracy":0.46725603536212174,"_wandb":{"runtime":9}}