{"_wandb":{"runtime":175},"train_loss":0.00413040160977592,"_runtime":175.759432652,"test_false_negatives":23,"_step":10,"test_specificity":0.999876803205906,"_timestamp":1.7490294827250473e+09,"test_f2":0.9984227987164844,"test_true_negatives":430153,"test_precision":0.9971212861876052,"epoch":9,"test_accuracy":0.999830579129578,"test_false_positives":53,"test_roc_auc":0.999765092363383,"test_recall":0.9987487079049018,"test_loss":0.004441492583440698,"test_f1":0.9979343335507719,"test_true_positives":18358}