{"_wandb":{"runtime":45},"confusion_matrix_table":{"path":"media/table/confusion_matrix_table_0_5dcd27586c65650a41ee.table.json","ncols":3,"nrows":81,"_type":"table-file","sha256":"5dcd27586c65650a41ee48233eab851b411573e772e5c4f949e29c55cb46eabf","size":1527,"artifact_path":"wandb-client-artifact://ixruv3nfjmgndaxghu1mn8euy5dz98rrlbqkz3tbg7pdtpt46z5mijgea1qpg9aquxwx22soqzhnzjxkpat5junww2yduvloudfcnv51isijfn54cuckj54jobkpksq1/confusion_matrix_table.table.json","_latest_artifact_path":"wandb-client-artifact://zs5co7ei7bpsgdfzjbsrs7z30sz8c61cub9cx5o1a3k3d57919b83j7gr5f1mnd4490obqqfaf5r23ncwmpv5ngwdnqgxm7uk3dunb0winjm8jakyw4r413uf4zdz7uu:latest/confusion_matrix_table.table.json"},"precision_macro":0.36475853565166605,"_step":0,"fold":3,"recall_weighted":0.5408364501870112,"_runtime":45.841372815,"precision_weighted":0.6806327537556002,"f1_macro":0.3875782465434293,"_timestamp":1.7482860048189964e+09,"loss":1.1259065188210586,"roc_auc_ovo":0.9022738960507879,"recall_macro":0.6013505494383379,"accuracy":0.5408364501870112,"f1_weighted":0.5710782388284908,"roc_auc_ovr":0.8728639157845541}