{"fold":3,"f1_macro":0.35554526336236947,"recall_macro":0.5882588288202143,"precision_macro":0.3505319861381468,"accuracy":0.46501190071404286,"confusion_matrix_table":{"_latest_artifact_path":"wandb-client-artifact://ypannogr95p7kp0n8ryg1af7py4baoou6d4ixeyvzvebazgamqn43swhl4giipa2cs7x30f3itf51jexb0k4cqq84sg6co9m7rl60brd1i0l1z5166eaft58lirgkeba:latest/confusion_matrix_table.table.json","path":"media/table/confusion_matrix_table_0_e1be532370ca520a95d3.table.json","ncols":3,"nrows":81,"_type":"table-file","sha256":"e1be532370ca520a95d39d4dd2bcfabf7bccbac6f0561cfd0247b898887c6df4","size":1528,"artifact_path":"wandb-client-artifact://illogiuw0whihalzb5ur5fexzrd3m4p4hs80dc382l0of65gkfcdfthmk21ex6y91iicrry0c4y6a7h4d58r9l3jt7s9xmdvhfisqwc5n62iox9j25p6hxsbsulaut47/confusion_matrix_table.table.json"},"_wandb":{"runtime":38},"f1_weighted":0.5148541554538942,"loss":1.1893492728471755,"_step":0,"roc_auc_ovo":0.8953762000662743,"recall_weighted":0.46501190071404286,"roc_auc_ovr":0.8672637757955157,"precision_weighted":0.673819718643942,"_runtime":38.188750702,"_timestamp":1.7488000379704387e+09}