{"precision":0.9972658920027341,"_timestamp":1.7474820051083226e+09,"loss":0.003976808834219507,"_runtime":91.807734642,"fold":2,"false_positives":40,"true_positives":14590,"false_negatives":115,"accuracy":0.9995680875194012,"_wandb":{"runtime":91},"recall":0.9921795307718463,"specificity":0.9998837763391871,"true_negatives":344124,"f2":0.9931926480599047,"f1":0.9947162093062895,"roc_auc":0.9996257661351291,"_step":0}