{"loss":1.2393556714057923,"_wandb":{"runtime":38},"confusion_matrix_table":{"artifact_path":"wandb-client-artifact://8d2tyy2ldlhc6q39cth7nw75c5jbtfczlfz353w6aw5hh9yi3wwww7g4d46g10182fx43pdwa1q9st4v4x0ot9b7r6sh5vtin8r9vqevzrrk9lk787td8bk4g6e69xbx/confusion_matrix_table.table.json","_latest_artifact_path":"wandb-client-artifact://bp0vhwhq6ac5s00s3jovwvnsa21jtfl5ilc1k259ep61zufx08uoxyyjn1qqtomjoe1upjvghp9a7g210idrtg60auq6bqukrx0vqlj7hv7r4wwtwlpmlvjrgabpgbux:latest/confusion_matrix_table.table.json","path":"media/table/confusion_matrix_table_0_a0b967c1cb34afc4d053.table.json","ncols":3,"nrows":81,"_type":"table-file","sha256":"a0b967c1cb34afc4d053aeb1080ee765ba0fbc52f2509bfbb6e2310befb5a6b4","size":1518},"roc_auc_ovo":0.8954830323171971,"_step":0,"roc_auc_ovr":0.8765311801768555,"accuracy":0.423082154515778,"recall_macro":0.5651157638680596,"f1_macro":0.35580436558356593,"recall_weighted":0.423082154515778,"_timestamp":1.7488000781728296e+09,"_runtime":38.28949276,"fold":4,"f1_weighted":0.45934610551266364,"precision_macro":0.38838075320344645,"precision_weighted":0.6928309685696384}