{"avg_recall_macro":0.58223959895847,"avg_confusion_matrix":{"size":626,"artifact_path":"wandb-client-artifact://vy23py9nqazng8gcouhwbtcotgdepwpfpmigu6kvqmlcdu1rpgfpx1ax8j9rzi7foeoglff3jkx4bbdfreqnln1k0tofhhxjdlhdz7joeli1fml6ssatzh9aae3vwn9k/avg_confusion_matrix.table.json","_latest_artifact_path":"wandb-client-artifact://yyop476s02rzmvt6ywlnbtjmyvfjsbpftzrpm2y9bhya3m1g5ga1oplkwk77rqgp9vyaj5aef454jk9eba30gto5a7zawfq99qidgku8ageiutrgoslifumm403wgrmv:latest/avg_confusion_matrix.table.json","path":"media/table/avg_confusion_matrix_0_05397e46adc789051fd4.table.json","ncols":9,"nrows":9,"_type":"table-file","sha256":"05397e46adc789051fd428312bcf3a65d053a976b12738d2b6a73e07bf9c2a5d"},"avg_accuracy":0.4855221098358394,"avg_f1_weighted":0.5311916182655366,"_step":0,"avg_recall_weighted":0.4855221098358394,"avg_roc_auc_ovo":0.8913745245614633,"avg_roc_auc_ovr":0.8631349784571732,"_runtime":1.286945822,"avg_confusion_matrix_image":{"width":1000,"height":800,"_type":"image-file","sha256":"69c794265a1f3f571e8daf48c433a5d35c08e312b996c5098a339d4ab38e6ee3","size":67818,"path":"media/images/avg_confusion_matrix_image_0_69c794265a1f3f571e8d.png","format":"png"},"avg_loss":1.2096349906921389,"_timestamp":1.7487999160155575e+09,"avg_f1_macro":0.3665658164852035,"avg_precision_weighted":0.6850889642080844,"avg_precision_macro":0.36751664415991564,"_wandb":{"runtime":1}}