{"roc_auc_ovo":0.5835577389976695,"loss":1.5015978915938015,"_runtime":9.678203663,"recall_macro":0.12887367616307566,"_step":0,"precision_weighted":0.32451472625109745,"roc_auc_ovr":0.6077284739388285,"accuracy":0.4592315538932336,"_wandb":{"runtime":9},"f1_weighted":0.34225282139211544,"fold":2,"f1_macro":0.10114797906518418,"_timestamp":1.7482805772987018e+09,"recall_weighted":0.4592315538932336,"precision_macro":0.10322867190582395,"confusion_matrix_table":{"_type":"table-file","sha256":"2b68855f70e48b95f6b5f52fb6de0c500eb97fbb085fb08669d98ccfd0dc4653","size":1469,"artifact_path":"wandb-client-artifact://p34wz9cfoqwrs7ixlyvpzjvo0egstii1kic35x0joydwp6dxe1pzk8yt4ksvez79uz5xjctbvvno7ah6yz7ralw8jd3ykyd1gj6f73xjnj42hy8cf6y24d259zgajdv1/confusion_matrix_table.table.json","_latest_artifact_path":"wandb-client-artifact://w7ayr4arfpc0m108ci7td0yb3gjakhqh6aj014wis70ib20qe9iduprkagrwwhqxzl3d9pccq25ndbmm0pu9n6r4b3r64hqz88lhm8grme781jynzoqt51exnz0r0ze8:latest/confusion_matrix_table.table.json","path":"media/table/confusion_matrix_table_0_2b68855f70e48b95f6b5.table.json","ncols":3,"nrows":81}}