{"f1_weighted":0.3826263887746756,"precision_weighted":0.4935908316552347,"accuracy":0.3669069640914037,"recall_weighted":0.3669069640914037,"f1_macro":0.20245993728154177,"loss":1.9566780349303936,"roc_auc_ovo":0.7416313300140971,"roc_auc_ovr":0.7430446747817968,"_runtime":12.84547901,"_timestamp":1.7482825169412167e+09,"recall_macro":0.3092574857093939,"confusion_matrix_table":{"artifact_path":"wandb-client-artifact://4wzvego11qyug79w066aiyitax6522lj4ksaxd27epolknwp4dgumwmiv68ij5pv4qmnrnfsqkw9bf3c00uv2yqdf4sllhygcxxe86d04ejnzrs6e5u1licd5vzqct8b/confusion_matrix_table.table.json","_latest_artifact_path":"wandb-client-artifact://s4sox4xqve13e9oiul0ih0s3pjtk9njw01gzbyq9b78rqpn83vvuqlksxnnlwuqor87c1tucosoaccwcvrdyiy9v1ng78gwf9byltryel7vd55nu5so9fggkwbfez0pt:latest/confusion_matrix_table.table.json","path":"media/table/confusion_matrix_table_0_4c417953a7316b84309d.table.json","ncols":3,"nrows":81,"_type":"table-file","sha256":"4c417953a7316b84309de0e239892c097dfcd18b30a6b1f9096f1c351b536005","size":1509},"_step":0,"precision_macro":0.21779579623427986,"_wandb":{"runtime":12},"fold":4}