{"true_positives":14575,"true_negatives":344135,"accuracy":0.9995569413908697,"_wandb":{"runtime":83},"f2":0.9925228808019176,"roc_auc":0.9998390195598019,"recall":0.9911594695681741,"_step":0,"fold":3,"false_negatives":130,"precision":0.9980142426732402,"f1":0.9945750452079566,"false_positives":29,"specificity":0.9999157378459107,"_timestamp":1.747480658143639e+09,"_runtime":83.626801967,"loss":0.0031294292586001877}