{"accuracy":0.5197905331882481,"roc_auc_ovo":0.9009084264777368,"_step":0,"_timestamp":1.748799879095447e+09,"roc_auc_ovr":0.8703237767502663,"loss":1.1340982735157012,"_runtime":31.250567261,"precision_weighted":0.6993871904559366,"fold":4,"recall_macro":0.6104818346447686,"recall_weighted":0.5197905331882481,"confusion_matrix_table":{"nrows":81,"_type":"table-file","sha256":"7ad54aeaf7e3da82d46014da5a001fc9f4077421be33fceed7af6e701e80cfaf","size":1524,"artifact_path":"wandb-client-artifact://3yn7by12l7p5bem4nyo7gprpqfkkp2nyeg2t06p9d2mf8va8jfcpymye721il9t6if9gxaayjnqukve0t6vryc9cj41l7wt48mzzru9fp3tcne9k83dzndaa9d2l7btx/confusion_matrix_table.table.json","_latest_artifact_path":"wandb-client-artifact://89zu8pde6cl55u6zi0aatepju2sx84j5ewbej2aqs9udbmb8lgwgu4s0q1jbid0osk68hd3oksjuq9mz2uypwtlis3ehgfqg0ifjh5l8oyjfs2tswucy0y8jouy201nt:latest/confusion_matrix_table.table.json","path":"media/table/confusion_matrix_table_0_7ad54aeaf7e3da82d460.table.json","ncols":3},"_wandb":{"runtime":31},"f1_macro":0.3913291736281432,"precision_macro":0.38387760571888313,"f1_weighted":0.5663360549117652}