{"avg_f2":0.9956894257868321,"avg_f1":0.9961439559054505,"avg_loss":0.0038482747305210474,"avg_accuracy":0.9996845644600612,"_wandb":{"runtime":0},"avg_precision":0.9969131024408563,"avg_fn":67.8,"avg_tp":14636.8,"_step":0,"avg_specificity":0.9998680862361556,"avg_roc_auc":0.9997085883341367,"_timestamp":1.747480837373262e+09,"avg_fp":45.4,"_runtime":0.726760742,"avg_recall":0.99538928728542,"avg_tn":344118.8}