{"test_confusion_matrix_image":{"height":800,"_type":"image-file","sha256":"fc477a828d44bc2f20ab92f4af5f7c5bc857419407806719fc080e362ecebd7d","size":55917,"path":"media/images/test_confusion_matrix_image_100_fc477a828d44bc2f20ab.png","format":"png","width":1000},"test_confusion_matrix_table":{"nrows":81,"_type":"table-file","sha256":"707fc6eadd051faad4385c9c6c0016079dfd7f87da5d9c35a65924f7531b4a43","size":1530,"artifact_path":"wandb-client-artifact://uhqdclrl3ow8591evly8r9durqtfubv9aoz0f465zwy4pee9fsxemw1p72ghvrwk0rjz7ha0lv71qafik6ammzlw94t427mkaau10gsrr6202swh887avg2iu3ma9zmk/test_confusion_matrix_table.table.json","_latest_artifact_path":"wandb-client-artifact://5xjf11my4l7frf1etk3frtne0dde576rbdhxzodgf4ake8h0oqsgatpidl7lq7mg8eqqnfbgi3xckga2omq8ag1v10axygvdb2m3m0991c5ku0l3aejl3mk2fl7g51vg:latest/test_confusion_matrix_table.table.json","path":"media/table/test_confusion_matrix_table_100_707fc6eadd051faad438.table.json","ncols":3},"test_recall_macro":0.5732860625235576,"_step":100,"epoch":99,"_timestamp":1.749040694909002e+09,"test_precision_macro":0.3481339728060248,"test_precision_weighted":0.6466797056806677,"test_recall_weighted":0.46009466296719437,"test_accuracy":0.46009466296719437,"test_loss":1.389109460843934,"test_roc_auc_ovo":0.8798295152236656,"_wandb":{"runtime":42},"test_f1_macro":0.35995527469348715,"train_loss":1.0887099914252758,"_runtime":42.307609868,"test_roc_auc_ovr":0.8589532269924742,"test_f1_weighted":0.4923927864202462}