{"roc_auc_ovo":0.8908254268848683,"precision_weighted":0.6965049166299606,"_timestamp":1.7482860957820413e+09,"recall_weighted":0.5350244831338411,"confusion_matrix_table":{"size":1518,"artifact_path":"wandb-client-artifact://3xofho6c0ufop74tgrnorjscjkcihk0o5hc7urbhvt3qira7ybpx0zfii1epw736flyly1hczmhq4utuzavieu8f6oodu5824jlx208163gjrctj28rsndg8b8kenhlr/confusion_matrix_table.table.json","_latest_artifact_path":"wandb-client-artifact://p3u4xwxcw7w7zwnoqwkzqhkilautjr2ec7hr28fucenofr7ogcvmp1slvmbr7ccja46g1u32s2apip24oz7h8mg1tof89w2ps0s3jq7gpdwfitby3xl6xqecjo0iebu7:latest/confusion_matrix_table.table.json","path":"media/table/confusion_matrix_table_0_9d434f28eae06d76ebb7.table.json","ncols":3,"nrows":81,"_type":"table-file","sha256":"9d434f28eae06d76ebb7f8a478fa429b17f62aa3dfa9f7631f99275f8e3ed4b0"},"precision_macro":0.3881178544443559,"_step":0,"loss":1.264444030564407,"f1_weighted":0.5687624342241602,"accuracy":0.5350244831338411,"roc_auc_ovr":0.8681316795891556,"f1_macro":0.40444806811098544,"_runtime":43.62229124,"fold":5,"recall_macro":0.5800471481642075,"_wandb":{"runtime":43}}