{"roc_auc_ovo":0.5647897324608034,"accuracy":0.4233253995239714,"f1_macro":0.06745869970690115,"_timestamp":1.748280518263168e+09,"fold":1,"loss":1.6024257294062911,"_wandb":{"runtime":4},"roc_auc_ovr":0.5975509428130136,"_runtime":4.717032269,"recall_weighted":0.4233253995239714,"precision_macro":0.09082192004522766,"recall_macro":0.1116020779084491,"f1_weighted":0.25463525024930755,"_step":0,"confusion_matrix_table":{"_latest_artifact_path":"wandb-client-artifact://0ijk47j0tqtukejp66czw9lgt1lk2bxr1an8epez9tgy9rlzpdgu46nmag0j68x1bh4z6er4wkohj1ttq80qfxl275yhbls0it482h88lt1vl940u33tdkpg131okgdo:latest/confusion_matrix_table.table.json","path":"media/table/confusion_matrix_table_0_219bb33ea8f6f7a297d7.table.json","ncols":3,"nrows":81,"_type":"table-file","sha256":"219bb33ea8f6f7a297d70b84bc3528858620b23d3cab3a1e571fef437013ddf4","size":1462,"artifact_path":"wandb-client-artifact://fg1uzh5ux8ya5wkynz5ltxdhkg0pz5yzfsa1h6ttc6nr9cx1ix2e0okpq4nkuaz4yehk76o9g3qip23j8h81xf2r8obikm6k9c9zhhw6egko9buuoh12783r53fgy35c/confusion_matrix_table.table.json"},"precision_weighted":0.28853347920016886}