{"f1_weighted":0.5405064761495775,"precision_weighted":0.6884714990527978,"loss":1.1596028645833334,"confusion_matrix_table":{"ncols":3,"nrows":81,"_type":"table-file","sha256":"9f500737a9816a49877bad0791342b3a6b475b9268c7e54df2380ff9abec81ca","size":1522,"artifact_path":"wandb-client-artifact://hfr5jx8nx2yv0ndj74bc0tuewww5105cs4nmgc248h7h5hqc1m7pe80kt8err41qlsz3pqlxmp5fpjifcotv6540hz57zht35jwhqte7p7voxp7qj1k7kz08409k1em1/confusion_matrix_table.table.json","_latest_artifact_path":"wandb-client-artifact://yqk6t4jkya4dw7apev6j3hyuqgt07bn58r5oitw71b1s6ye61jphhyj092knih4x58zw494r76nnuk2a3aum3t889evkpeif5z1i9l56xywnlxabk4n5ctm856kkfnq0:latest/confusion_matrix_table.table.json","path":"media/table/confusion_matrix_table_0_9f500737a9816a49877b.table.json"},"recall_macro":0.5882922702100459,"roc_auc_ovr":0.8703626790648631,"accuracy":0.4999659979598776,"_wandb":{"runtime":44},"precision_macro":0.3742626562979276,"roc_auc_ovo":0.8965238971459711,"_runtime":44.913514268,"f1_macro":0.38304332945568287,"fold":1,"_timestamp":1.7488016513503137e+09,"recall_weighted":0.4999659979598776,"_step":0}