{"roc_auc_ovo":0.7914299051947291,"confusion_matrix_table":{"nrows":81,"_type":"table-file","sha256":"2fb2bb247bbf9e5ef6347a739e0ae3dd002b9a6a9a1c32891c510ded7b2e5e2c","size":1513,"artifact_path":"wandb-client-artifact://xadjdrmc0o3670b4f2ui9ykfyyo4y0ddlgxp91oh144sg9s6bxe9r1abyo16rm4c20qb9f9q8i0bb69tpc15hrxqu58e5iycztgmk776qt8dbhgrkvmvplinrm1laezs/confusion_matrix_table.table.json","_latest_artifact_path":"wandb-client-artifact://itrs2ith3pjrjgk9rmsh2ujs5qea4zv9429jaa9ivvrhc87jfcsivussu7uf5tzsp16vet6rticdl3hz5nn7i84z88n9tzhxrrbctir0nzwth5d325glv6th5t581080:latest/confusion_matrix_table.table.json","path":"media/table/confusion_matrix_table_0_2fb2bb247bbf9e5ef634.table.json","ncols":3},"recall_weighted":0.2914853101196953,"accuracy":0.2914853101196953,"fold":4,"precision_macro":0.32702110987219574,"_runtime":56.731484486,"roc_auc_ovr":0.756434025026745,"f1_macro":0.21915957075878872,"loss":2.2265554814558963,"_timestamp":1.7482841958430367e+09,"f1_weighted":0.3751210965382185,"_step":0,"recall_macro":0.4108974942838842,"_wandb":{"runtime":56},"precision_weighted":0.6192596793978044}