{"train_loss":0.003787306421809728,"test_roc_auc":0.9998628083440921,"test_precision":0.9974450967601652,"test_true_negatives":430159,"epoch":9,"test_true_positives":18349,"_timestamp":1.749030909342246e+09,"test_specificity":0.9998907500127846,"test_f2":0.9980961705831157,"test_accuracy":0.9998238914636403,"test_f1":0.9978519183185143,"test_false_positives":47,"_wandb":{"runtime":114},"test_loss":0.003942255404027593,"test_recall":0.9982590718676895,"_step":10,"test_false_negatives":32,"_runtime":114.556843307}