{"precision_macro":0.3189970666554429,"roc_auc_ovo":0.8627587121432383,"recall_macro":0.5166492019466292,"_runtime":42.675229765,"roc_auc_ovr":0.8352426637408688,"precision_weighted":0.6320676593724208,"_wandb":{"runtime":42},"_step":0,"confusion_matrix_table":{"_latest_artifact_path":"wandb-client-artifact://du4txwjdrx3jpqgmp20re2d2pt33dnoih42uvtwmn95uo3zs082qm5lva3no1jctzumpci73cq5jfk3r6185vq3k9szrmi14u5cdst8c7itct083e4wtkkry5ryq9voa:latest/confusion_matrix_table.table.json","path":"media/table/confusion_matrix_table_0_5f69cd5095f9b8a8c60e.table.json","ncols":3,"nrows":81,"_type":"table-file","sha256":"5f69cd5095f9b8a8c60eaa3a5fd4a2241aef3f0abe67f3addf0dd71a41e3ee11","size":1523,"artifact_path":"wandb-client-artifact://uu9ykqqvln6h5oraobh3c6qi60piwaqtm57juhffnpoo8rb7tq8k12azh1l4aw2gckz3g6yonmssvhv3vev2m1ocb853qae8fspgltxh0hl4ecepqsosrqd03bjze7kn/confusion_matrix_table.table.json"},"recall_weighted":0.44321273122959737,"loss":1.397455212344294,"fold":4,"_timestamp":1.7482876738065083e+09,"f1_weighted":0.4754852277735944,"accuracy":0.44321273122959737,"f1_macro":0.31585530674702605}