{"f1_macro":0.3687946972924563,"recall_weighted":0.4606229597388466,"fold":4,"precision_weighted":0.6999211741157307,"recall_macro":0.5874935819661063,"loss":1.196183073109594,"f1_weighted":0.5008508191275529,"_runtime":42.864000193,"confusion_matrix_table":{"_type":"table-file","sha256":"055500b7091c76e60d973ea4a3121aee09e5a5ae65e18de3637b8399dcd7bf89","size":1523,"artifact_path":"wandb-client-artifact://3vi33a7k8onppe9tw180u4agkled1wbq9ypb9f0tgmohwhd10wmny8ierhrn4chdmqkkjzittprpdbt5s5p3gg2tyqpkf07xee9ky3a5log93zilmlhkp88mg9be57ni/confusion_matrix_table.table.json","_latest_artifact_path":"wandb-client-artifact://xqv5mn1v7j464394idcmp93707910fmy8adcnjg0rdin9qf28ytbpwmfvbi4ajxssbu269cj6uuyjpbbm8rot403k0hugvqryqxe2pviynwe3qw7ylz8hq5f999ywfiu:latest/confusion_matrix_table.table.json","path":"media/table/confusion_matrix_table_0_055500b7091c76e60d97.table.json","ncols":3,"nrows":81},"_timestamp":1.748286050399881e+09,"_wandb":{"runtime":42},"_step":0,"precision_macro":0.37131639982349746,"roc_auc_ovo":0.8966527075666575,"roc_auc_ovr":0.868824942341543,"accuracy":0.4606229597388466}