{"avg_tn":344122.4,"_runtime":0.717328734,"avg_f2":0.9957401315513053,"avg_tp":14636.8,"avg_loss":0.0038161479420765927,"avg_recall":0.9953892530613861,"avg_fn":67.8,"_timestamp":1.7474801396242218e+09,"_step":0,"avg_fp":41.8,"avg_precision":0.9971542323704256,"avg_f1":0.9962684285398561,"_wandb":{"runtime":0},"avg_specificity":0.999878546358875,"avg_roc_auc":0.9997095795268184,"avg_accuracy":0.9996945959710807}