{"test_f1_weighted":0.45617828414233336,"_wandb":{"runtime":62},"test_loss":1.3440003549266193,"test_accuracy":0.42902997660627823,"epoch":49,"test_f1_macro":0.34311719231604926,"_timestamp":1.7490390967185023e+09,"test_recall_weighted":0.42902997660627823,"test_roc_auc_ovo":0.8777157479411618,"test_confusion_matrix_image":{"path":"media/images/test_confusion_matrix_image_50_da9c23cac3dcf8097a86.png","format":"png","width":1000,"height":800,"_type":"image-file","sha256":"da9c23cac3dcf8097a863a5dfa644525a0d703ad7c456ca9672930bf733f6767","size":53826},"train_loss":1.277135036736597,"_runtime":62.44264767,"test_recall_macro":0.5417877402443217,"test_precision_macro":0.340755921722807,"test_confusion_matrix_table":{"artifact_path":"wandb-client-artifact://pgoz4nnyh32lvh1ljprcgixwg9967pag019ek7xq2wlmo2aigvebzw8n9iep7pcorm63bpycy1pg0lkl8ysvqwnbz5c51utboano5iztz45092iytwt6a2k1g9jtdh8e/test_confusion_matrix_table.table.json","_latest_artifact_path":"wandb-client-artifact://92t4v5pkf6jl899wmn7apqwzp5gb95tq7egy3jvhp58ir340wen10bgxzstgmy4xx05iu2hn6m6f9vl0nwtp2o2j31jgjeg6wew6g4n5uvi14ubs6vuyy3ax45zr7o7y:latest/test_confusion_matrix_table.table.json","path":"media/table/test_confusion_matrix_table_50_d12820f1fcc77549a526.table.json","ncols":3,"nrows":81,"_type":"table-file","sha256":"d12820f1fcc77549a526035042f588347009ef47908b9bb8ef06d5673439d78e","size":1531},"_step":50,"test_roc_auc_ovr":0.8456079560709411,"test_precision_weighted":0.6547579840776199}