{"recall_macro":0.6153995512352765,"recall_weighted":0.5194504896626768,"_step":0,"roc_auc_ovo":0.8988941947990676,"f1_macro":0.4105698880268107,"precision_macro":0.3995047111817335,"_wandb":{"runtime":38},"_timestamp":1.7488004574572217e+09,"f1_weighted":0.5617062607615665,"_runtime":38.652411106,"loss":1.1457710176706315,"roc_auc_ovr":0.8691114700398134,"fold":4,"accuracy":0.5194504896626768,"confusion_matrix_table":{"ncols":3,"nrows":81,"_type":"table-file","sha256":"cb639bd513f1709775f845da7628ce31b98d6c0bc6c84641912f9a558dac4b5d","size":1523,"artifact_path":"wandb-client-artifact://15rh8xe803g3p7m72vqmkz260lgklkg08kluakvp20qrtpjpx944nrpmmfl9jgjhe1jurzythycmm30bpyzhacluz5gjeet442dehpw2i7frea1ovzsazgg574xwk0c1/confusion_matrix_table.table.json","_latest_artifact_path":"wandb-client-artifact://hguvhuwlfg1ywp1afji1ssbh3s3lxc0y2gfcqrs1gv0a8qlo8itrpqxyazvupkds2983ymoyuyvaqi0jynhf5vl9o9vec7zkuocht3noy84jv6d21sxo8no1nyuryvi1:latest/confusion_matrix_table.table.json","path":"media/table/confusion_matrix_table_0_cb639bd513f1709775f8.table.json"},"precision_weighted":0.7056373236467252}