{"_timestamp":1.7488007760493808e+09,"avg_roc_auc_ovr":0.8478589148664526,"avg_f1_weighted":0.5018746376146708,"avg_loss":1.3511678716620883,"avg_recall_macro":0.5315183990145524,"avg_precision_macro":0.34991552431965595,"avg_confusion_matrix":{"ncols":9,"nrows":9,"_type":"table-file","sha256":"d9fea4d5ac6f9baf9d56f4542dc3ed0f3532c17709b8289ce435c47e4782df25","size":628,"artifact_path":"wandb-client-artifact://lc5gt40jakc21xplqsxq28hdeqikjzhdabr4uw63e49jrtkofijdfozg77yawqm6bniw9qy20pqcsnt7kpkf5e1e5elges869pbie78adv4xqvpduababie95qhgkeon/avg_confusion_matrix.table.json","_latest_artifact_path":"wandb-client-artifact://hpxqtywmqhkhhxp07bx5cj6n4ce4syvjzr42gcl3xj2br719c3gttvdsciv27bok3zf361g4iidpff5vzj3k7w5mpct2vmcr4d7d73gmesvxc37bkuj0omnwat49toin:latest/avg_confusion_matrix.table.json","path":"media/table/avg_confusion_matrix_0_d9fea4d5ac6f9baf9d56.table.json"},"avg_recall_weighted":0.4779873076933038,"avg_precision_weighted":0.6451650657503636,"avg_accuracy":0.4779873076933038,"_runtime":1.03875005,"_wandb":{"runtime":1},"avg_f1_macro":0.3431523283782264,"avg_roc_auc_ovo":0.8724083192418423,"_step":0,"avg_confusion_matrix_image":{"path":"media/images/avg_confusion_matrix_image_0_8c8076409b1f65bf7b15.png","format":"png","width":1000,"height":800,"_type":"image-file","sha256":"8c8076409b1f65bf7b15f842c471b841b5b3750a767997758e48a4f5b8591d59","size":70385}}