{"recall_weighted":0.49071744304658277,"loss":1.2218362420797348,"roc_auc_ovr":0.8581913288575598,"precision_weighted":0.6477281394963116,"fold":1,"_step":0,"roc_auc_ovo":0.8868302705651216,"_runtime":30.462476723,"_timestamp":1.7488001543483653e+09,"accuracy":0.49071744304658277,"precision_macro":0.34784559888963124,"_wandb":{"runtime":30},"f1_weighted":0.5146795766763098,"confusion_matrix_table":{"path":"media/table/confusion_matrix_table_0_eb455c4fb6031fe7c9b0.table.json","ncols":3,"nrows":81,"_type":"table-file","sha256":"eb455c4fb6031fe7c9b02ef044219457db2232ef6ee5a8c7bfcff46f9959c435","size":1523,"artifact_path":"wandb-client-artifact://fjxvx2xmumrx3wmvfcdzw5anf5xgx7jgmp807ftjmolkhcx5pilzyh0ypjgbxigzccjd5rdx7yoo1341v8wctanywlwxhv2r56565czmhuk6qpsaku0nw1orz1oddzga/confusion_matrix_table.table.json","_latest_artifact_path":"wandb-client-artifact://2avhtwx1fay3q86vy48qs8tn9oyxswxpn96p3szsxoke2az6cpewzbatywcoimfjirjeidbvx7zn5qbp95sjhmjop916btj5j1tehh08eiodd0z0hzoenh3xpvnl144c:latest/confusion_matrix_table.table.json"},"recall_macro":0.5484645542159003,"f1_macro":0.3557484222413852}