{"_runtime":46.598675375,"_wandb":{"runtime":46},"roc_auc_ovr":0.866208205104178,"precision_weighted":0.6700175135726385,"f1_macro":0.35641043062655703,"confusion_matrix_table":{"_type":"table-file","sha256":"c3217dbf606029bf86b4ed93ef4d4547ee9499cd095cd9e45a622610e8322207","size":1524,"artifact_path":"wandb-client-artifact://3d0vmntpcv7hobfhb4ytx1xo49brnq6562glvwwm8xhck81pfho9fpm0si5eohfsj6v1oc8d2057sskbixqr9o20ejh7xiksovczl12pwo0dkjc98mrdob73wd2yugzp/confusion_matrix_table.table.json","_latest_artifact_path":"wandb-client-artifact://tlqth0wswu689hihhsmqzeeqztboite2khr3pls2kvy40dkgz7l613ciimyw9n1v24vr4yz7s63z0ko7le17csd5b37aav4oucml5ahe31e48w7puu5aluhtagw5klov:latest/confusion_matrix_table.table.json","path":"media/table/confusion_matrix_table_0_c3217dbf606029bf86b4.table.json","ncols":3,"nrows":81},"roc_auc_ovo":0.8938200192208604,"f1_weighted":0.5139558027456691,"fold":1,"precision_macro":0.348809022704633,"loss":1.2023082406356418,"_timestamp":1.7482859114287841e+09,"recall_weighted":0.4695001700102006,"recall_macro":0.5669769967649964,"accuracy":0.4695001700102006,"_step":0}