{"_wandb":{"runtime":1},"avg_f1_macro":0.3295911528040721,"avg_accuracy":0.40518065110021945,"avg_confusion_matrix":{"artifact_path":"wandb-client-artifact://l13fgwqw3hxokshrvg7ay4vrov858xpag2ati6hmv8pbk0rru45n3f22px6m1dini9vx41vxyobbrhgm13q5upuxk1q1ajdvh6jurfe84au4zv8dh1b93gvo56qot8va/avg_confusion_matrix.table.json","_latest_artifact_path":"wandb-client-artifact://rr2i2ff0smu6v8764bxltheb8qh47afq5e2wf1ad8vom008nzedt7lhb4hixbnoyywg10fdd5mzkomxntegpdfjxw42fxgi1vt1x98q0ycqyzakz5jzr2bzfxc5o27ta:latest/avg_confusion_matrix.table.json","path":"media/table/avg_confusion_matrix_0_8073706f74497ec8520c.table.json","ncols":9,"nrows":9,"_type":"table-file","sha256":"8073706f74497ec8520c4f990751d61f8258f9cc967674508a10b530e9d9865e","size":628},"_runtime":1.028037028,"_step":0,"avg_recall_weighted":0.40518065110021945,"avg_precision_macro":0.36284073983688403,"avg_confusion_matrix_image":{"width":1000,"height":800,"_type":"image-file","sha256":"3f6dacdedd7589805c70dd1125caf3b2dacc291ec9f3fd8d143de087d4ed3c19","size":70180,"path":"media/images/avg_confusion_matrix_image_0_3f6dacdedd7589805c70.png","format":"png"},"avg_recall_macro":0.5311575029292973,"_timestamp":1.7488011874747488e+09,"avg_f1_weighted":0.45528249779037544,"avg_loss":1.3155784384409586,"avg_roc_auc_ovo":0.8856009520271142,"avg_precision_weighted":0.6730534759949622,"avg_roc_auc_ovr":0.8590035722687247}