{"test_precision_macro":0.3630648805364693,"test_roc_auc_ovo":0.8899747525680224,"test_recall_weighted":0.44339263369784016,"test_recall_macro":0.5967553547518226,"test_f1_weighted":0.4963620303535407,"test_confusion_matrix_image":{"width":1000,"height":800,"_type":"image-file","sha256":"2c6bf4e0597f65b5215f414b6eb8e0d9c19ae566a2e585f85135b1f2abd7036e","size":56738,"path":"media/images/test_confusion_matrix_image_100_2c6bf4e0597f65b5215f.png","format":"png"},"_step":100,"test_accuracy":0.44339263369784016,"test_f1_macro":0.35762270335263957,"test_roc_auc_ovr":0.8626614303505985,"test_confusion_matrix_table":{"path":"media/table/test_confusion_matrix_table_100_e27f13392589c88ea106.table.json","ncols":3,"nrows":81,"_type":"table-file","sha256":"e27f13392589c88ea106366a572300ebcd0b21f382bee0b0bbba184a16c82961","size":1530,"artifact_path":"wandb-client-artifact://ct317jpe7id2275fl31kzxzu1c2q2e4hsfx44c5f7ss63lbu8lojy6q36lbg173q5txctuc9j921fqhwkmx691c7wj40gwnd7ml0b87p17y654gmpc6yrcp0tyr6xd4a/test_confusion_matrix_table.table.json","_latest_artifact_path":"wandb-client-artifact://rt4jwsox3u6amqvfa2b9nbo003dfbaz00gncb6qzeu7q4ccqsvnj06nd2kt6qjlneou78tt9y8miwvci1uus6wxh6jiumonynkdi72dgkfgaheh608fpjx90gfwy3tnb:latest/test_confusion_matrix_table.table.json"},"test_loss":1.2821114758650463,"_wandb":{"runtime":52},"train_loss":1.0907120866080124,"_timestamp":1.749039331381598e+09,"epoch":99,"test_precision_weighted":0.6961057958940899,"_runtime":52.657127192}