{"roc_auc_ovo":0.820615085706772,"_runtime":49.676116027,"roc_auc_ovr":0.7949534864255658,"precision_macro":0.29821009678151567,"recall_macro":0.49051765283938054,"confusion_matrix_table":{"path":"media/table/confusion_matrix_table_0_f3fddc36ea0499720823.table.json","ncols":3,"nrows":81,"_type":"table-file","sha256":"f3fddc36ea04997208233ccbbf10b62d506b595c24aed23a62ecc4e5e9de66fa","size":1522,"artifact_path":"wandb-client-artifact://pqid4jcmrvlmzte8jbb638e457emrx22zgft9t3ql4xmt12ykxiawpqcy8qr1rq2zzqsuhfix70ay0wxkdmmhlqhsj10p0tj5vkva1gah5tvtw415c65e2cl76tfvpgl/confusion_matrix_table.table.json","_latest_artifact_path":"wandb-client-artifact://9s6xdxt57dk4r102s8nbpkjkxmmx51x7vvuqexr7fo5v3whlgi3wz0r07atolubd4ix3c9quonu4nkpmx1d2p3vvk1glgwctisbx9kdv3ul4x3p1vy4dm76yj1ep2loz:latest/confusion_matrix_table.table.json"},"_step":0,"_timestamp":1.748285495461637e+09,"recall_weighted":0.4405984359061544,"f1_macro":0.29552844401142164,"fold":3,"_wandb":{"runtime":49},"f1_weighted":0.4624941499701375,"precision_weighted":0.5952204905539925,"accuracy":0.4405984359061544,"loss":1.5404217533443285}