{"recall_macro":0.1715988702266412,"recall_weighted":0.2116430903155604,"loss":3.190381475959135,"roc_auc_ovo":0.7024963746165342,"f1_weighted":0.2945730105892283,"_timestamp":1.748285058095883e+09,"accuracy":0.2116430903155604,"_wandb":{"runtime":50},"precision_weighted":0.547043567559742,"roc_auc_ovr":0.6841682905006424,"f1_macro":0.08682692551552025,"confusion_matrix_table":{"size":1481,"artifact_path":"wandb-client-artifact://io6adhmqrcwqpy3xgu7f8e6omp71emj6acr1goex1g5du9928vrn5nzrcl6h9gkbl3ti0g6yfdo90zlsajxann9ig7f2ezs4smzy3zzleqc0j3lzo20mxxgx2cbrch0i/confusion_matrix_table.table.json","_latest_artifact_path":"wandb-client-artifact://tj9jl9qk4xvsv37964m2c7hgkqmwo6xo09gipigpetorepwrcwckcmeh88tmi4yqcihf1ckvultgpnytounctlbzryeaam4rizenls1mafef4iqwl9b105xo9wylsk2r:latest/confusion_matrix_table.table.json","path":"media/table/confusion_matrix_table_0_0ffcb1a22d2654c6da94.table.json","ncols":3,"nrows":81,"_type":"table-file","sha256":"0ffcb1a22d2654c6da942a2c93fbaf48b2d258930c17eb540f2ae6d7d9a85cc5"},"_runtime":50.147541912,"fold":4,"precision_macro":0.17690605455164432,"_step":0}