{"accuracy":0.9997715043651025,"roc_auc":0.9996846657868872,"_step":0,"_wandb":{"runtime":81},"fold":1,"_runtime":81.902344203,"f1":0.9972116430903155,"recall":0.9972116430903155,"precision":0.9972116430903155,"false_negatives":41,"f2":0.9972116430903155,"false_positives":41,"_timestamp":1.7475616064476109e+09,"specificity":0.9998808710938067,"true_negatives":344124,"true_positives":14663,"loss":0.003934627407741371}