{"_step":0,"roc_auc_ovr":0.5681714893037032,"accuracy":0.4208378672470076,"_wandb":{"runtime":4},"f1_weighted":0.25468575600150556,"recall_weighted":0.4208378672470076,"loss":1.6579944820239627,"precision_weighted":0.2275289066970038,"_runtime":4.441098997,"confusion_matrix_table":{"_type":"table-file","sha256":"4adbe89cd3ef5ae5c24f22dbdb9fd9398c2a493c4c548ec04a0b89f50ae0110e","size":1464,"artifact_path":"wandb-client-artifact://tmjocy5sa21fkfa9o8764k2hhk2gnhi2es4cagt2n9ayopt0gk7l0haibudki5v42q88xok7vjekhhqp8copj2aetnz3uajrf93b4i57qph41o98df5japhw99rvphke/confusion_matrix_table.table.json","_latest_artifact_path":"wandb-client-artifact://sywcvzhfjh9evznecktv0tewk5v84lb0mnjkv5yjq4ofp8af46jnsindgrhaxiihzyeyzgskm12zrcvowtfdu5tx6hw48b3w1fdeu6w16bbpi6so42b4ojyjd8gqkg4p:latest/confusion_matrix_table.table.json","path":"media/table/confusion_matrix_table_0_4adbe89cd3ef5ae5c24f.table.json","ncols":3,"nrows":81},"recall_macro":0.11099491175483142,"_timestamp":1.7482798698166113e+09,"fold":4,"f1_macro":0.06753731000870969,"roc_auc_ovo":0.5531088355506099,"precision_macro":0.06646367528206484}