{"f1_weighted":0.5191620375826577,"precision_macro":0.34592849126994857,"confusion_matrix_table":{"sha256":"c7ae87ceefff9ba685b003a95f8ed4d2277ee798c54f8b387dd9006072ac9582","size":1528,"artifact_path":"wandb-client-artifact://7f8bh6c10h8xn8q3gw5ujj935g91c6l00guczgoq32116pghgs0uksbp08uxnxu979aluwpiallsuvg2khg95rgk4klzvrj8om42xiepzn1a0e1sgovb0u9z382fxte7/confusion_matrix_table.table.json","_latest_artifact_path":"wandb-client-artifact://s06wsths6uzutskt68twd9fa2u954hgoeq6d1l56gpca5xwrd4jg7e3mrejjtzour6o6rdfcgd0zwagii43lyvox5rl7c4vhymubglrhwpyqdmek7dg26mxdptyzd2ub:latest/confusion_matrix_table.table.json","path":"media/table/confusion_matrix_table_0_c7ae87ceefff9ba685b0.table.json","ncols":3,"nrows":81,"_type":"table-file"},"roc_auc_ovr":0.8655966286680435,"f1_macro":0.3518320099017301,"recall_weighted":0.47704862291737504,"_step":0,"recall_macro":0.581034295267513,"roc_auc_ovo":0.8944675454661297,"_runtime":38.557241665,"_timestamp":1.7487999979541337e+09,"fold":2,"loss":1.1845519483089446,"precision_weighted":0.6588836524361589,"_wandb":{"runtime":38},"accuracy":0.47704862291737504}