{"roc_auc_ovr":0.8314784994392775,"_timestamp":1.7482827759561205e+09,"precision_weighted":0.6374297243714767,"f1_macro":0.3143815980285498,"fold":2,"loss":1.2949178383268158,"precision_macro":0.31276765889876085,"f1_weighted":0.4722427938889714,"recall_macro":0.5370159872733282,"roc_auc_ovo":0.8677409378528667,"recall_weighted":0.43733424005440324,"_step":0,"confusion_matrix_table":{"sha256":"7fc6bfc20f2f5a78db15cc55f79c5ddee4a2bb5d2bdd8654bf80c3ec6954d76f","size":1525,"artifact_path":"wandb-client-artifact://ftfnbegwj7d4ajssjpxklejxfl7w0exbmrw9mocukrhhtmcamlcmf2jys5curu81s3j8q040yzhcggajnfsoy230y90d1vckbupk4d1pq6nv56xoiag84v8frxgqubtg/confusion_matrix_table.table.json","_latest_artifact_path":"wandb-client-artifact://g2nthk7tj0udi1nusn7wxn5ucw5ha8whcp3pplff0edrrihtc5dt66rint3arxoqhev7eyk5uhtufcchu153ujuolmpciq7s4n3go0asgyl861kzpygszf8pb86hjlj7:latest/confusion_matrix_table.table.json","path":"media/table/confusion_matrix_table_0_7fc6bfc20f2f5a78db15.table.json","ncols":3,"nrows":81,"_type":"table-file"},"_wandb":{"runtime":19},"_runtime":19.456314502,"accuracy":0.43733424005440324}