{"recall_weighted":0.422373342400544,"confusion_matrix_table":{"_type":"table-file","sha256":"aeb35c3a91a10b1bc37b1c553146e252f0a1e4f75f9374fd3503aa03380f0818","size":1459,"artifact_path":"wandb-client-artifact://vaalx9hklwwl01jrh5duupqfvbrn6jihcye1rjjisq42avfqiputu0yse7nrevv5fgg6cfjwlxhochb2kyuyylvs0pjag7o3epockwikn3yavrwjpm3fezuh9i24p2ev/confusion_matrix_table.table.json","_latest_artifact_path":"wandb-client-artifact://a4k3xfuo3k5o3ofubd8k7dvjj677umdj2s8iq9s7yeygvpnaepjdamagyryebwbkmk5npr8mxbie2tqlo6av6c0itx55s0pg7u7ujen7aogbythk0a88nqqe2stea2lp:latest/confusion_matrix_table.table.json","path":"media/table/confusion_matrix_table_0_aeb35c3a91a10b1bc37b.table.json","ncols":3,"nrows":81},"_wandb":{"runtime":4},"_timestamp":1.7482794797310376e+09,"precision_macro":0.04693994770174882,"fold":2,"roc_auc_ovr":0.5798669796516639,"_step":0,"roc_auc_ovo":0.5645152237017331,"_runtime":4.27965959,"precision_weighted":0.17843564342604945,"f1_macro":0.06599828920873246,"recall_macro":0.1111111111111111,"f1_weighted":0.25088326205229083,"accuracy":0.422373342400544,"loss":1.6006888336148755}