{"loss":1.4187488781994786,"_step":0,"_runtime":17.477331348,"accuracy":0.5086705202312138,"f1_macro":0.13169617207625633,"precision_weighted":0.3683198853238667,"fold":2,"_timestamp":1.7482806489741936e+09,"precision_macro":0.11272084678523148,"roc_auc_ovo":0.6068547017361617,"f1_weighted":0.42376887985279454,"roc_auc_ovr":0.6407965396323071,"confusion_matrix_table":{"path":"media/table/confusion_matrix_table_0_1727ed382537e5532f13.table.json","ncols":3,"nrows":81,"_type":"table-file","sha256":"1727ed382537e5532f13f62cc86992f389539d9292a0e2fffb73465836b0237e","size":1476,"artifact_path":"wandb-client-artifact://zdis8fyzqhc6snbt179wydaunvv1niy20ufu0ibfalwkebp7vqiawtgmdwj7pwjji7h2a8lx4aj5l01i85h5y7jk1bgx6uf9rhjd6qsbg8tbyq03krlqcqq46af731c5/confusion_matrix_table.table.json","_latest_artifact_path":"wandb-client-artifact://vvuqpjj2o3j7hidp71avvhaox2rg8hfwqf2aiqeevmvluj3lloa5blofmqcgu84e96bh8uxcibcfioos33ehr5qc0s0p4c9yw42cctyka9miyndbqy68sdjzon2ypvs7:latest/confusion_matrix_table.table.json"},"recall_macro":0.16178652451832465,"recall_weighted":0.5086705202312138,"_wandb":{"runtime":17}}