{"_step":0,"roc_auc_ovo":0.9042591651429783,"f1_macro":0.38830861471734535,"loss":1.1137333631515502,"precision_weighted":0.6827664065879318,"recall_weighted":0.47456474428726875,"_timestamp":1.7488013774425867e+09,"precision_macro":0.3750565781607623,"accuracy":0.47456474428726875,"roc_auc_ovr":0.8782220229322222,"f1_weighted":0.5220465492956555,"_wandb":{"runtime":45},"confusion_matrix_table":{"artifact_path":"wandb-client-artifact://1wp4gguqfdf8hzdgjy9rwbz1txg6c3v18h6s4kp3b9ficrvtvd0m8jiomjuqhu92eaveex6cx1r65gb7swzealxsz45sij8r4ah7qhqawru4tvzh0gja4abddq2c37vb/confusion_matrix_table.table.json","_latest_artifact_path":"wandb-client-artifact://pfjm4o07yvlc9a9wj4f3u3qoscp8w5312x079y9p23tt1xzp1whstjofyvpxn54urbjmzn0c3cf03nlo89jeg78zahjs0d24llnsxtyiygfpkpxtn0kuee2av4whm30c:latest/confusion_matrix_table.table.json","path":"media/table/confusion_matrix_table_0_5199e13b8cc9ea96b809.table.json","ncols":3,"nrows":81,"_type":"table-file","sha256":"5199e13b8cc9ea96b809734d651c5b3cae2cbf1eb9124c2055297ad32594b823","size":1522},"fold":4,"_runtime":45.185395179,"recall_macro":0.6044926899258571}