{"_wandb":{"runtime":88},"true_negatives":344111,"f2":0.9984502236300112,"true_positives":14689,"f1":0.9976568071450402,"false_positives":54,"false_negatives":15,"fold":1,"_timestamp":1.747480483825362e+09,"_step":0,"_runtime":88.811186737,"accuracy":0.9998077292828302,"specificity":0.9998430985137943,"precision":0.9963372447941395,"roc_auc":0.9996799791904605,"loss":0.0042840471200179305,"recall":0.9989798694232862}