{"f1_macro":0.3641561340725143,"roc_auc_ovr":0.8709106437769853,"roc_auc_ovo":0.9009352771205847,"precision_macro":0.35202117457026355,"precision_weighted":0.6682972523292435,"recall_weighted":0.4916014960897654,"confusion_matrix_table":{"_latest_artifact_path":"wandb-client-artifact://3sosffza51uv19xx475xw8i6431uiw9q8vrfzbdgw284acn7eur0423q6htkichwllypqp3qqmx6ut60xpikwnhbsdy3zh7d3cvp4adklnoggssvhg17o2i3p7snjgqy:latest/confusion_matrix_table.table.json","path":"media/table/confusion_matrix_table_0_83bd0181da1a02afe37c.table.json","ncols":3,"nrows":81,"_type":"table-file","sha256":"83bd0181da1a02afe37c932ea5c080a3de3630a717d73ca5f8d468455e409348","size":1526,"artifact_path":"wandb-client-artifact://ra3r27df825voaro37g8uib8a4eevdmeovtmdmt2nkh9ic7gmyc8juf9slg6aqptcxvsg3b91v8x4jd2yrv0c8r131ll45f3qtxfg0kvaslz49e692qbz9sykmro00gd/confusion_matrix_table.table.json"},"recall_macro":0.5940996264029023,"f1_weighted":0.5322940487358623,"_step":0,"_wandb":{"runtime":47},"_runtime":47.112829557,"fold":3,"accuracy":0.4916014960897654,"loss":1.1246413707733154,"_timestamp":1.7487992558272927e+09}