{"test_roc_auc":0.9998985744944233,"test_precision":0.9973911625631828,"test_specificity":0.9998884255449715,"_timestamp":1.7490298308574982e+09,"_step":20,"test_accuracy":0.9998261206856195,"test_true_negatives":430158,"_wandb":{"runtime":346},"_runtime":346.545839524,"test_loss":0.003938862557887383,"epoch":19,"test_false_negatives":30,"test_true_positives":18351,"train_loss":0.0037237182899843902,"test_f2":0.9981723834078522,"test_recall":0.9983678798759589,"test_f1":0.9978792822185971,"test_false_positives":48}