{"test_recall_macro":0.5530877005625404,"test_confusion_matrix_table":{"path":"media/table/test_confusion_matrix_table_100_ada3901152bb4b0ea79e.table.json","ncols":3,"nrows":81,"_type":"table-file","sha256":"ada3901152bb4b0ea79e3b9d5a71f8b13318ddf9834d3e4251aefc0257d0df57","size":1530,"artifact_path":"wandb-client-artifact://rxwo10nflxsbw3mscn1rxrzcpgzg1014cmn3toeofyw7z9jeuw4fxbuugb1wm1qkryb9y10xq4rjrxixyxhqpl11hps4tzjayvo2qdorpp1astjr3x8w2fios2ht400b/test_confusion_matrix_table.table.json","_latest_artifact_path":"wandb-client-artifact://bdsndbu1xrfll9bd46lppj2vh6n0axqayl1dtfp1ocgkx3to7oble7zxtdi39zpm4a9rkd3a85jqm7ycpp8xao5jlf6rhy1uh5wgxfhxawh0pk9j4g206wwai9158qr4:latest/test_confusion_matrix_table.table.json"},"_timestamp":1.7490400651814237e+09,"test_precision_weighted":0.670129980717109,"test_recall_weighted":0.4983406778738915,"epoch":99,"test_roc_auc_ovo":0.8715344483552994,"test_loss":1.3175507701105542,"_runtime":42.453917201,"test_accuracy":0.4983406778738915,"_step":100,"test_confusion_matrix_image":{"format":"png","width":1000,"height":800,"_type":"image-file","sha256":"c14aa5f92f75370fcd1057355f515035d0401a564dec6fdef654b7e8054bb3cd","size":57002,"path":"media/images/test_confusion_matrix_image_100_c14aa5f92f75370fcd10.png"},"test_f1_macro":0.33995425150448777,"_wandb":{"runtime":42},"test_roc_auc_ovr":0.8425940603784284,"test_f1_weighted":0.5297063107155988,"test_precision_macro":0.3532239789394943,"train_loss":1.2137371347182326}