{"test_roc_auc_ovo":0.8836967683262513,"epoch":79,"test_accuracy":0.45454545454545453,"_step":80,"train_loss":1.1728746855838432,"test_f1_weighted":0.4858818723645553,"test_precision_weighted":0.6484899995516191,"_runtime":51.615427435,"test_confusion_matrix_image":{"format":"png","width":1000,"height":800,"_type":"image-file","sha256":"31971513674caf8921994ef26274ae86127db46a12f6ba984ebb3ce881051842","size":56264,"path":"media/images/test_confusion_matrix_image_80_31971513674caf892199.png"},"test_f1_macro":0.33005708127179834,"test_recall_weighted":0.45454545454545453,"_wandb":{"runtime":51},"test_roc_auc_ovr":0.8505764024448376,"test_loss":1.2771187333597078,"test_recall_macro":0.5608359741123492,"test_precision_macro":0.329187714633172,"_timestamp":1.7490391522594404e+09,"test_confusion_matrix_table":{"_latest_artifact_path":"wandb-client-artifact://q0s8lv7pz7chxjfxe35sylu59y2jvunr0g4adou6kt2hp8sxl7ez0lkwy1gc8i9g286w81tks9whv7wyotonfo4juh48eqyi5qg5kuh2h44efqrbs15bd68wmqpaph1n:latest/test_confusion_matrix_table.table.json","path":"media/table/test_confusion_matrix_table_80_05a5cc92cf3d1483ca0c.table.json","ncols":3,"nrows":81,"_type":"table-file","sha256":"05a5cc92cf3d1483ca0ca61a30a798e0bc1f291970044fdc6fde43b97379ba18","size":1532,"artifact_path":"wandb-client-artifact://h5gugnglq4wrq1pqelpprz16svpu3njzs4ar2gugteg8mul6ic126ihw3419u52hn9ddzp2tr37s05qh0ap58f1bv6dcah9z0g8od30e5uv6ndxv7f6i79v1ybpzxkd5/test_confusion_matrix_table.table.json"}}