{"precision_macro":0.3488520326022109,"roc_auc_ovo":0.8785827579131582,"loss":1.3501020749409993,"recall_macro":0.556732483420062,"_runtime":33.532551705,"accuracy":0.4719804134929271,"roc_auc_ovr":0.8502086732933092,"confusion_matrix_table":{"path":"media/table/confusion_matrix_table_0_ac6ded17639077c75b36.table.json","ncols":3,"nrows":81,"_type":"table-file","sha256":"ac6ded17639077c75b36d569ce524453cb9b825ca2a483b02ae43594abf4c83a","size":1525,"artifact_path":"wandb-client-artifact://ru9g3kvhhf9yy1te0d0kz6v6fu2f805ho9cp62ravjfrg31f4hv0kfikvwmbsml627wep4caj23vy2sbnuswi9irz52v51v2b8o5bherb7w2l8eoli1c70lj6k5brwe0/confusion_matrix_table.table.json","_latest_artifact_path":"wandb-client-artifact://m1g4j61eagla6itdij0ko8q2esvxe58wmu1v3z4hahhwxyeviwrwuc1mla2qvjj4cetcdcka0qka7h56c2x5y2wvwuag17fp8zlp8e7p4kaonlymeemzb66ycu29hz1e:latest/confusion_matrix_table.table.json"},"precision_weighted":0.6699226359262028,"_step":0,"f1_weighted":0.5010942061833699,"_timestamp":1.7488016004001405e+09,"fold":5,"_wandb":{"runtime":33},"recall_weighted":0.4719804134929271,"f1_macro":0.35033524568574526}