{"f1_macro":0.14666812046067176,"roc_auc_ovo":0.7058823135286086,"roc_auc_ovr":0.7023335887578944,"loss":2.138664089400193,"recall_macro":0.17079920105503296,"_wandb":{"runtime":5},"confusion_matrix_table":{"nrows":81,"_type":"table-file","sha256":"100a54e30c96fa0b0d6504e0c3a3cf07be2ac4ba1df52b33c1da3cf7e6fd6feb","size":1498,"artifact_path":"wandb-client-artifact://hc267utenpf0qpl3jo5sib7929c0s6vbdcigjq71doo7dt2i1ddvl0lpl6scld4swvr3hueezjco56tm05ck99rj3wn10sovhhtls8g431luxq2ehm3ue01v45ztyud6/confusion_matrix_table.table.json","_latest_artifact_path":"wandb-client-artifact://kuzr1vzmbkgi34wbje0d6evwcnioor2ik1iow5wpx1qfsik5rhqviunsxvh3dy38a8pp68xv09lfjtgq2h0xpeoev5lw4bl4737ta6ne3uxiuq6hkrf0q3h4a0pjf1di:latest/confusion_matrix_table.table.json","path":"media/table/confusion_matrix_table_0_100a54e30c96fa0b0d65.table.json","ncols":3},"precision_weighted":0.42917732236281075,"f1_weighted":0.41963568309636456,"_step":0,"fold":1,"precision_macro":0.14187940689985074,"_timestamp":1.7482823706112528e+09,"_runtime":5.712244445,"recall_weighted":0.44950697041822507,"accuracy":0.44950697041822507}