{"_runtime":61.375280241,"test_precision_weighted":0.6563852391972137,"test_confusion_matrix_table":{"artifact_path":"wandb-client-artifact://k8vpswglaly4szi5o0q1nqanol2d2nq8kzn0ykdld0kgi89cjzpitjguwey1vsq4jriux7rw21aep3pjsgq5wfmyyws6si42mwvxpzxlrfv1ptqvn3e5r42tqzyhymmp/test_confusion_matrix_table.table.json","_latest_artifact_path":"wandb-client-artifact://3k7ek5h0rmm6jrlb20kkmo83ufz6lcqxy3jhu2jxushw36nlsqm1huzvoabte8whxri98iuemqwaw23970p2bxbdpgqsip1s5y1t6w0zgg4j5iqb4z7nr358rz6ca8k1:latest/test_confusion_matrix_table.table.json","path":"media/table/test_confusion_matrix_table_100_2001063e1a364967f93b.table.json","ncols":3,"nrows":81,"_type":"table-file","sha256":"2001063e1a364967f93b1638333ab1c8ca7cad0f7491ba4fff7e72cc21c05115","size":1535},"test_recall_weighted":0.42924759262281703,"test_loss":1.3243513194223244,"_wandb":{"runtime":61},"test_recall_macro":0.5526028263064461,"epoch":99,"train_loss":1.1972048929463261,"test_f1_macro":0.3169546062476172,"test_accuracy":0.42924759262281703,"test_roc_auc_ovo":0.8832840400095109,"test_precision_macro":0.32787541967493816,"_timestamp":1.7490404067516932e+09,"test_roc_auc_ovr":0.8475228458033637,"test_f1_weighted":0.46757695592459325,"_step":100,"test_confusion_matrix_image":{"path":"media/images/test_confusion_matrix_image_100_e332d5b8e2ae0afceb54.png","format":"png","width":1000,"height":800,"_type":"image-file","sha256":"e332d5b8e2ae0afceb542fec454d21dbdea979453f07f840be6ee08ccdda2103","size":55582}}