{"_runtime":91.993179925,"_wandb":{"runtime":91},"fold":1,"precision":1,"f2":0.9999455922958691,"accuracy":0.9999972134678671,"_step":0,"_timestamp":1.7474793071375375e+09,"recall":0.9999319912948857,"false_negatives":1,"true_positives":14703,"roc_auc":0.9999998559459968,"loss":4.077971590087752e-05,"true_negatives":344165,"false_positives":0,"specificity":1,"f1":0.9999659944911076}