{"recall_weighted":0.5165589935396124,"fold":3,"recall_macro":0.6141615354527032,"_step":0,"f1_macro":0.39737349289988805,"confusion_matrix_table":{"ncols":3,"nrows":81,"_type":"table-file","sha256":"67663731888693130dc167c1cf9d7813238b8cc0ae10186417455ca95e6adc7b","size":1524,"artifact_path":"wandb-client-artifact://7z256mxtghj7f4ggubi66oda3ujqfqm5ez761zhr0zq6ufyyvehg859evpy1ihbv9bc6ue75scy2c927h3clitgd2hy3yhn3o26qml5q1n7t8roz8hqfz8sm4qa7wws3/confusion_matrix_table.table.json","_latest_artifact_path":"wandb-client-artifact://e6vxmiqclx07dyu2xynt35x3axxc5wezluaznha32h5kj47eobibsnlwfb5ai4302a1255fal2rzwldpjt3lcppl4rblqb4zckxx74m6xodwvze2dr76zutf3iyny0r7:latest/confusion_matrix_table.table.json","path":"media/table/confusion_matrix_table_0_67663731888693130dc1.table.json"},"roc_auc_ovr":0.8775271261609384,"_wandb":{"runtime":46},"_timestamp":1.7488013302777498e+09,"accuracy":0.5165589935396124,"loss":1.0896610458691915,"f1_weighted":0.5483573543369655,"_runtime":46.136662015,"precision_weighted":0.6805074348757106,"roc_auc_ovo":0.9067548865874235,"precision_macro":0.3739103328279738}