{"recall_macro":0.16708901096265993,"_wandb":{"runtime":48},"roc_auc_ovr":0.6883865264435262,"f1_macro":0.08262278838120322,"f1_weighted":0.277794788398729,"_timestamp":1.7482850044092252e+09,"_runtime":48.635179393,"_step":0,"roc_auc_ovo":0.7082505436435631,"recall_weighted":0.19326759605576335,"accuracy":0.19326759605576335,"loss":3.170656594504481,"fold":3,"confusion_matrix_table":{"size":1478,"artifact_path":"wandb-client-artifact://jf4176sz6cstrse8qa07nmdjmc1twn12ui3z879gjbowadck5gyrgiecweynvwntz90h7dtuidezqaffk14p14kyz9oyzpd0tw7j8kdoy9qlyrrexl62wgx8dhckq11w/confusion_matrix_table.table.json","_latest_artifact_path":"wandb-client-artifact://qd5y66z5ec6230t3jsgrxu396czhcbi85isofz7e0piggzvp5wn95v3s9trpkn0ynzpfgd2oqc8ptoteu011ph9q8f927lh2084fd9r531php3m9q8vvghlltls85c1z:latest/confusion_matrix_table.table.json","path":"media/table/confusion_matrix_table_0_c5e75498a8963504c2e5.table.json","ncols":3,"nrows":81,"_type":"table-file","sha256":"c5e75498a8963504c2e5fc5133dd411fa875b06bffec8467c8ccd47b29f5e32e"},"precision_macro":0.22344879208750848,"precision_weighted":0.5382303956297738}