{"avg_precision_macro":0.36865700411857993,"avg_roc_auc_ovo":0.8967677875303165,"_step":0,"avg_accuracy":0.4860382258408845,"avg_confusion_matrix_image":{"width":1000,"height":800,"_type":"image-file","sha256":"06fb1dc95da038100640b1c9c5b08831745d59b8fa574ecb721f5e1b9eba9656","size":68780,"path":"media/images/avg_confusion_matrix_image_0_06fb1dc95da038100640.png","format":"png"},"avg_f1_weighted":0.5236814182745242,"_wandb":{"runtime":1},"avg_loss":1.195148224035899,"avg_confusion_matrix":{"path":"media/table/avg_confusion_matrix_0_eacdb3b1d451444cfaa6.table.json","ncols":9,"nrows":9,"_type":"table-file","sha256":"eacdb3b1d451444cfaa676caa949338777146f47e43fdd24bc12034acb5e989e","size":622,"artifact_path":"wandb-client-artifact://bjtejfjibcbr0t7hwt4yao01dpqts9yutkgx5ivdzfyyc77nseeoh7aoqp3vqkojmhqfp79mxye3eat6rbo7bim3iah2yeewykqgx6hr77f7rhij4wplc4q81eip5qd5/avg_confusion_matrix.table.json","_latest_artifact_path":"wandb-client-artifact://ss28i14kb9wzr6ma89uqygppqsjidtwns5a3g9k8rqx0rh4w9zkluvn5eyfv59905k4xv1pa2clm20fd0hvib9grfru6xipbb9n2u0x7mzzk55vsb842q87bpipqb1tq:latest/avg_confusion_matrix.table.json"},"avg_f1_macro":0.3786027871091631,"avg_precision_weighted":0.6752726305681968,"avg_roc_auc_ovr":0.8683430711852489,"avg_recall_weighted":0.4860382258408845,"avg_recall_macro":0.5845372626846415,"_timestamp":1.7488018298528075e+09,"_runtime":1.241890238}