{"avg_confusion_matrix":{"artifact_path":"wandb-client-artifact://9ebs0tznqk72awg9v2kbf0ghj4z00ei31dxs84ul1q84tb446b9iuc4sv9bgc5uf25skoz4y2h7hs4fsz5jpivmea3q883o1c60r72kctk7vonox245814551lwt3csf/avg_confusion_matrix.table.json","_latest_artifact_path":"wandb-client-artifact://h9aa7h9qf1hll5xu9o1liy2uwijlm8lc93nzx3rh3w3bg3w4jybqs3kqvl56jxmmg4nmwtxqkik3feyy8hk23zg6p4zw6emyvffqtxlgqlgyhq5wqz24yd8kcbeqyvst:latest/avg_confusion_matrix.table.json","path":"media/table/avg_confusion_matrix_0_9959118b9615cbad561c.table.json","ncols":9,"nrows":9,"_type":"table-file","sha256":"9959118b9615cbad561c828f6fafcee89d55fcc0b99977dba6d3f755da4a436d","size":619},"avg_loss":1.5284476408751115,"_timestamp":1.748284759133836e+09,"avg_f1_macro":0.2883595622054106,"_runtime":1.060442514,"avg_roc_auc_ovo":0.821827480518483,"_step":0,"avg_confusion_matrix_image":{"size":68343,"path":"media/images/avg_confusion_matrix_image_0_172e9b2aa558e6c1ed47.png","format":"png","width":1000,"height":800,"_type":"image-file","sha256":"172e9b2aa558e6c1ed47882c67ae8a974764d3ca3631841faea5b4e5d0a0bf49"},"avg_f1_weighted":0.467310279416352,"avg_precision_weighted":0.5961325614980184,"_wandb":{"runtime":1},"avg_accuracy":0.44911146360838233,"avg_recall_weighted":0.44911146360838233,"avg_precision_macro":0.29733369020047284,"avg_roc_auc_ovr":0.7939915197965719,"avg_recall_macro":0.4803408083982035}