{"_wandb":{"runtime":5},"f1_weighted":0.25080754565330654,"accuracy":0.42233405875952124,"_runtime":5.086187591,"roc_auc_ovr":0.5688657907821327,"roc_auc_ovo":0.5607387444258095,"confusion_matrix_table":{"ncols":3,"nrows":81,"_type":"table-file","sha256":"d9937a9804323112abd729335b74db888b54b698e63801da44bece42d683e63d","size":1459,"artifact_path":"wandb-client-artifact://6w8gmca0j185g9yuwyxdh5hgjfvmot26zo0uuv6788qvi22esloubch8e1h0imxkemvpaki1j4p474kp44e9rz4wswq6wyjto7zrkrokf0nxkyxfwbsvk4zhov1zp1dp/confusion_matrix_table.table.json","_latest_artifact_path":"wandb-client-artifact://m57d5p9apv46xtyxnkt3xrm0xr3tg3i1v37dap2nwmk8pgds1blzosuny553hb4g1vpbbq4xy2n1kx8t39vn6cv3an8jw7wu6a0yp5pcdhjsi6yhh9kbh5wvvi21ul1u:latest/confusion_matrix_table.table.json","path":"media/table/confusion_matrix_table_0_d9937a9804323112abd7.table.json"},"_timestamp":1.7482805506002214e+09,"precision_macro":0.04692600652883569,"_step":0,"fold":5,"recall_weighted":0.42233405875952124,"f1_macro":0.06598450798508176,"loss":1.608773147237712,"precision_weighted":0.1783660571882907,"recall_macro":0.1111111111111111}