{"avg_confusion_matrix":{"_latest_artifact_path":"wandb-client-artifact://x30vq40ot2dmzc0wffnlc57dnakfmo903v0e3ae3o2rs0vy4g470rbl452micp0ymi4gk3u51bkbs2uuycoefb8ekcmgs2tnsreaxpscyc29idyjlo7ais6hxe5mu9a3:latest/avg_confusion_matrix.table.json","path":"media/table/avg_confusion_matrix_0_a7dd7813eefd784cfc3e.table.json","ncols":9,"nrows":9,"_type":"table-file","sha256":"a7dd7813eefd784cfc3e7fbc99778a49c1277dce977ab07cf7c1189121a629fd","size":624,"artifact_path":"wandb-client-artifact://0xns7c9ev6tlnrmt249nb71bmrwkpj286zbit4kcook7pgl5083lq81qk4vt9t1mc13ltozj1l6zfl27a02npw3vqxh50fj2f00votimwwiuiv809jx54cy58aqxi4uy/avg_confusion_matrix.table.json"},"avg_precision_weighted":0.6683749488603218,"_step":0,"_runtime":1.044819775,"avg_precision_macro":0.3623531561672101,"avg_accuracy":0.5018009741085009,"_timestamp":1.748800285418162e+09,"avg_recall_weighted":0.5018009741085009,"avg_recall_macro":0.5631794343194347,"avg_f1_macro":0.3701684235433341,"avg_loss":1.2443206930160522,"avg_confusion_matrix_image":{"path":"media/images/avg_confusion_matrix_image_0_eb2e98bacefb6d90880d.png","format":"png","width":1000,"height":800,"_type":"image-file","sha256":"eb2e98bacefb6d90880d83baf11ab959fba88110b13423591082144805abebf1","size":69235},"_wandb":{"runtime":1},"avg_roc_auc_ovo":0.8855081712802851,"avg_roc_auc_ovr":0.8595562847894536,"avg_f1_weighted":0.5294744657969567}