{"precision_macro":0.1153774947563388,"accuracy":0.5165589935396124,"recall_macro":0.16529901230547162,"roc_auc_ovo":0.6178838107788374,"roc_auc_ovr":0.6530618944866577,"_step":0,"f1_weighted":0.43117097364543217,"f1_macro":0.13411003841257754,"_timestamp":1.7482806650164013e+09,"_runtime":13.528167421,"recall_weighted":0.5165589935396124,"precision_weighted":0.37795078732588505,"confusion_matrix_table":{"artifact_path":"wandb-client-artifact://e0mzqlyhe528skpl9ejhs2fqta3weko2cbxdlq6f6qvpkkzj846jqx61sht0bolgobannedpm5u6qlbyu7tumny09hv5xaii4rno74bvt2oorbwnnun6uw5c4gml6w5a/confusion_matrix_table.table.json","_latest_artifact_path":"wandb-client-artifact://pm6bx38ob67ari5ne8qgamfo1166jonywqqvgelj0oy6ruhbtle14mij56u3a1wjzavqukat3u3pla4tz6xwl8uhs06i8qnjeiojnxs6hdfkxb1n83o3f0dp7pw12op0:latest/confusion_matrix_table.table.json","path":"media/table/confusion_matrix_table_0_ef5804e48c246bcadc07.table.json","ncols":3,"nrows":81,"_type":"table-file","sha256":"ef5804e48c246bcadc07da844cbe43481e0c751a6c78639affe4d8e9c275353e","size":1474},"_wandb":{"runtime":13},"loss":1.3864546562063282,"fold":3}