{"precision_macro":0.36010986557184466,"precision_weighted":0.6582325698242713,"f1_weighted":0.5267284015204562,"_timestamp":1.748799303339363e+09,"fold":4,"f1_macro":0.38510413527393084,"_runtime":45.835323667,"loss":1.1537712951501211,"roc_auc_ovr":0.8702736468980388,"_wandb":{"runtime":45},"roc_auc_ovo":0.8960627950166029,"accuracy":0.48932263329706205,"recall_weighted":0.48932263329706205,"recall_macro":0.5913772687770761,"_step":0,"confusion_matrix_table":{"ncols":3,"nrows":81,"_type":"table-file","sha256":"af67c9462beae714697e9a02f0ae45f60e593e75dcbd08b14f2eb9b2d38d11a5","size":1519,"artifact_path":"wandb-client-artifact://ok4l79xk6eks0djbrrpkbluhtsq9zgdboom2pjd7j47yx7c5i79v2m9a1xcotxy5hcsanacb1jn3l1jtf6ryaqvrtvyw8kx76tgxnysyjxku6ewj26ag8wc0i1jcloov/confusion_matrix_table.table.json","_latest_artifact_path":"wandb-client-artifact://1hylvfp2w8nc9q88qsnth21ifmav2m6rhb12wr7ouztxfy885rku1px8heqavotfwbl8wtm0rkyyp4754rhp35som43x5nzhjjd0x2uscrtfkgon7lpj6mo55tjozihe:latest/confusion_matrix_table.table.json","path":"media/table/confusion_matrix_table_0_af67c9462beae714697e.table.json"}}