{"roc_auc_ovr":0.8236758770746214,"recall_weighted":0.4611356681400884,"loss":1.4512746168219526,"precision_macro":0.3516900299310074,"f1_weighted":0.5097684996589564,"_wandb":{"runtime":45},"accuracy":0.4611356681400884,"_step":0,"precision_weighted":0.6722793276117792,"fold":2,"confusion_matrix_table":{"ncols":3,"nrows":81,"_type":"table-file","sha256":"a5da0eceb932006a4f2adc84d82a9613d46dbc56f1b7ae7981c60d2dd996701a","size":1525,"artifact_path":"wandb-client-artifact://f4zrnge75rylymai5svo7bjaej4i2zi9rlbcl9e5abszoe9mli3gxjizlu02tqxhed37aqs1xigu0feilk3li9uomvhxs9gadgh5vdvaa07rb6snsqo5ma1tgyz79c6o/confusion_matrix_table.table.json","_latest_artifact_path":"wandb-client-artifact://wsikurqej0xcvxan2ox7m4pyn3z3f2xodl5qozwcse9gzdh698shgmpb2tbg2vmugd0zox375zhyd2jahynvmnmklzm9uafaof0z9uce9c9kxoh4vojnu3b0ke46po7p:latest/confusion_matrix_table.table.json","path":"media/table/confusion_matrix_table_0_a5da0eceb932006a4f2a.table.json"},"_runtime":45.892333792,"f1_macro":0.31992775899427395,"recall_macro":0.5151713293268614,"roc_auc_ovo":0.8539524594678173,"_timestamp":1.7482870440897014e+09}