{"recall_weighted":0.5160829649778986,"loss":1.4190547219638168,"f1_macro":0.13372748832670997,"roc_auc_ovr":0.640867057676057,"precision_macro":0.11464403406436569,"precision_weighted":0.37498196111224563,"fold":3,"accuracy":0.5160829649778986,"confusion_matrix_table":{"sha256":"87958ff1ba6f7dd522f3b67cddc2a94db05b38e6eb05ca0b2e71a34f35e989e8","size":1474,"artifact_path":"wandb-client-artifact://esf27p0kosy7vsqa4ycwb14b2qt75ie1ht1ojsn7nusor8bxj6z2luu6opl5m6miigbxkstdkc1f8vyf2cdi9hkjarxonejzq26vek3vu8mczovxpi9jpqd64mlu7yd5/confusion_matrix_table.table.json","_latest_artifact_path":"wandb-client-artifact://2g5d6brrksltp6aw6a3o98lcip3yc976mbi530f82syulilomvchpq8131r4a3o34dglsmn58q6doqtz42n37kodc1ui77tgsvmvym2uiriuuimoprclf80bky5e984m:latest/confusion_matrix_table.table.json","path":"media/table/confusion_matrix_table_0_87958ff1ba6f7dd522f3.table.json","ncols":3,"nrows":81,"_type":"table-file"},"f1_weighted":0.4302743268401046,"_wandb":{"runtime":9},"_runtime":9.726928756,"recall_macro":0.1644339503157285,"_step":0,"_timestamp":1.7482805889156096e+09,"roc_auc_ovo":0.6063896789350246}