{"loss":1.377455472946167,"confusion_matrix_table":{"_type":"table-file","sha256":"bb7163c67235db627d8a6970d5f047dfc3ae737b62c9ee67a202d06da20c67c0","size":1474,"artifact_path":"wandb-client-artifact://t8fd9arkq3vjaindcipvr1d8ef7wphdxonj4td0kdhp6qc4ovrnjt6al6ehgmu5ec9nd1k5fi3wl8apvdfikb0lljcp93g2r7szcyxiyi0s9ahy8rej8noqczhzcn12i/confusion_matrix_table.table.json","_latest_artifact_path":"wandb-client-artifact://xcmvzokgbth273v6q3e3579g515mjgg1wqtjnyb47hj21290agp4ha1spdlbfr49mezu41mkiyvlzdcpk6zf218ujx44uosefywtcmstgc1n2yeulk2uuq3mo0913u75:latest/confusion_matrix_table.table.json","path":"media/table/confusion_matrix_table_0_bb7163c67235db627d8a.table.json","ncols":3,"nrows":81},"roc_auc_ovr":0.6758108330520054,"f1_weighted":0.4254124146995407,"recall_macro":0.1633419198120541,"recall_weighted":0.5095545732743965,"_runtime":12.955425194,"f1_macro":0.1323834376234846,"_step":0,"_wandb":{"runtime":12},"precision_macro":0.11403306976377417,"accuracy":0.5095545732743965,"roc_auc_ovo":0.635467832238013,"_timestamp":1.7482806296928914e+09,"precision_weighted":0.3736701850472497,"fold":1}