{"true_positives":14703,"roc_auc":0.9999999031735781,"_wandb":{"runtime":85},"false_positives":0,"recall":0.9999319912948857,"accuracy":0.9999972134678671,"loss":2.8192550126012368e-05,"false_negatives":1,"f2":0.9999455922958691,"_timestamp":1.7474783901490808e+09,"_step":0,"fold":1,"f1":0.9999659944911076,"precision":1,"_runtime":85.501739777,"specificity":1,"true_negatives":344165}