{"test_f1_macro":0.3394733469230362,"_wandb":{"runtime":49},"test_recall_weighted":0.44703770197486536,"test_f1_weighted":0.5064294337274146,"train_loss":1.1209102012217045,"test_accuracy":0.44703770197486536,"test_loss":1.3375448857744534,"test_precision_weighted":0.7000870803367976,"test_recall_macro":0.5781264835823072,"test_precision_macro":0.3686153313318612,"_step":100,"test_roc_auc_ovr":0.8598712509686555,"epoch":99,"test_confusion_matrix_image":{"size":55168,"path":"media/images/test_confusion_matrix_image_100_96bc702fe2a9227afd49.png","format":"png","width":1000,"height":800,"_type":"image-file","sha256":"96bc702fe2a9227afd4983eb7710796b5c36774cd7410f84ca725ff152939200"},"test_roc_auc_ovo":0.8880798237261427,"test_confusion_matrix_table":{"size":1532,"artifact_path":"wandb-client-artifact://mavbyqz96logofkbou2xxu91bvh2ngwhx015fe1ft2fl08mgqd9nnuv14vely4ties7xbf19vpxye110g8b1oogz79z4107j67yg4raj6ep0m1avcoowf6z8n6pbnf1g/test_confusion_matrix_table.table.json","_latest_artifact_path":"wandb-client-artifact://covgxdhg1o1333x6hzqpc5ujpcadklir4o6sldyllhwg6luy1qttm4kzke60w6lh2trb2x6rf9tq8zuyl1wzzdp8b93tsf75iwp0z76lakgcljt8d0l6icfzal95vnl8:latest/test_confusion_matrix_table.table.json","path":"media/table/test_confusion_matrix_table_100_23903c77e4fb3b7d364a.table.json","ncols":3,"nrows":81,"_type":"table-file","sha256":"23903c77e4fb3b7d364a84a27dd68d309ce1a728176f10ecc945ee9ac4c68d88"},"_runtime":49.13428881,"_timestamp":1.7490406072753325e+09}