{"test_precision_macro":0.33121487384267795,"_timestamp":1.7490403420263977e+09,"_wandb":{"runtime":24},"test_f1_macro":0.32788255665461397,"test_confusion_matrix_image":{"format":"png","width":1000,"height":800,"_type":"image-file","sha256":"76a12651b5d516bfc75cad4d709c82fdebec7b662e30ec5cdee1f11fc9032408","size":53722,"path":"media/images/test_confusion_matrix_image_50_76a12651b5d516bfc75c.png"},"test_recall_macro":0.5344085907565506,"train_loss":1.2069309200677607,"epoch":49,"test_confusion_matrix_table":{"_latest_artifact_path":"wandb-client-artifact://okdjmkoh9g123glsm41bdecnzw1o7htwib76qv7h7iyarssapj61h3pu1w0rpz4ea53d6nthppijkr6wskt7wxd83rjmdjomjjviobw7ivfp6d87h779vlztjl65ekt5:latest/test_confusion_matrix_table.table.json","path":"media/table/test_confusion_matrix_table_50_a02db6311ba7aa32ba62.table.json","ncols":3,"nrows":81,"_type":"table-file","sha256":"a02db6311ba7aa32ba62b42ef5e451a114c51ce7057491f6cdc422728fc6cd87","size":1532,"artifact_path":"wandb-client-artifact://vkh0yhuszfsqv1jybk4kqfxfks4ofxbluuyphgvyobldz1n2bhowzs3v4l8s69azvukubei0jiiu39m7eci0i1xyzi6vr8aebq5nnlra4vgnbi5ei0zv5p08r21g85aw/test_confusion_matrix_table.table.json"},"_step":50,"test_recall_weighted":0.41608182362221857,"test_roc_auc_ovr":0.8414364172318609,"test_loss":1.319224875834253,"test_accuracy":0.41608182362221857,"test_precision_weighted":0.6510546181839296,"_runtime":24.505111303,"test_f1_weighted":0.43687821673160165,"test_roc_auc_ovo":0.8752573291921926}