{"avg_precision_weighted":0.6354220767629133,"avg_confusion_matrix_image":{"size":69921,"path":"media/images/avg_confusion_matrix_image_0_5d216d2a3acb1f6dbac8.png","format":"png","width":1000,"height":800,"_type":"image-file","sha256":"5d216d2a3acb1f6dbac881b28c4ba491f8ebf78abb46e5664ecdabf493f9cbf4"},"_runtime":1.142080623,"avg_precision_macro":0.332569991745039,"avg_confusion_matrix":{"artifact_path":"wandb-client-artifact://t2e7yarhxz2azcka1gs4s6uy3otdbpipfrm828mjoub3v1hztjg0uorw46ly72frxvvxmz0pi2slpx8aeram3kh8nru9w3c2owkwtcp6ms0m91a08suzw6qy5iz8mwq6/avg_confusion_matrix.table.json","_latest_artifact_path":"wandb-client-artifact://qq64n6ohdmumpgzcmjgaz07u5mpni00w52uq6hrd452d4p6l7109dr6focc60kyiye53ws441nidqxw7a2j1dio3z6yot44sm2jcsafx5myekdp4vznyrx7reu93o2zk:latest/avg_confusion_matrix.table.json","path":"media/table/avg_confusion_matrix_0_b749300194356479452d.table.json","ncols":9,"nrows":9,"_type":"table-file","sha256":"b749300194356479452da4b7552bcd881876e22dace0f532dce5e8bf33593b93","size":625},"_wandb":{"runtime":1},"_timestamp":1.7482871875252583e+09,"avg_f1_weighted":0.5121264952168387,"avg_recall_weighted":0.4797813953712087,"_step":0,"avg_accuracy":0.4797813953712087,"avg_f1_macro":0.3297570568236873,"avg_roc_auc_ovo":0.8540123000430263,"avg_roc_auc_ovr":0.8253810820775964,"avg_loss":1.4458257222693898,"avg_recall_macro":0.5135343006408732}