{"test_recall_macro":0.5354728984035657,"_timestamp":1.7490390314226558e+09,"_wandb":{"runtime":64},"test_f1_macro":0.30214233075605423,"test_roc_auc_ovo":0.8775402747318037,"test_precision_macro":0.34239244404604063,"test_loss":1.379752246869935,"_runtime":64.081018103,"test_f1_weighted":0.4540660170746457,"_step":80,"test_precision_weighted":0.6461769208150565,"test_confusion_matrix_image":{"_type":"image-file","sha256":"620ea5dc02ce2f2793aa18aa11f255926c8c3a75f50ac5f18bb3476692ba8a44","size":53418,"path":"media/images/test_confusion_matrix_image_80_620ea5dc02ce2f2793aa.png","format":"png","width":1000,"height":800},"test_accuracy":0.46858168761220825,"epoch":79,"train_loss":1.2187554550170898,"test_recall_weighted":0.46858168761220825,"test_roc_auc_ovr":0.8478817718546233,"test_confusion_matrix_table":{"nrows":81,"_type":"table-file","sha256":"ce7fc9325daa187f8decbf35016395614c62ce92da1c500d3a8b489fd64c9a30","size":1521,"artifact_path":"wandb-client-artifact://xy6am3ygi20fbwajx5uyo0ih3e8anrbux82eu2bhgea9dyqp4cuoez1isjy5iss1o5iqx9q6u8yjguu7ub50ynilf44nkikh508nukn69itcrcprqnpa0aisyw6db0nl/test_confusion_matrix_table.table.json","_latest_artifact_path":"wandb-client-artifact://wumf6ojlqa2fb0lgdg9axxe966ok8k196b2n5a7avr4pwps837h0ernfw6fajg00i7talxn3g89y16ja1eyc56nmhufkyfbhe2liro54e6i264bokhli90xcvoay00fb:latest/test_confusion_matrix_table.table.json","path":"media/table/test_confusion_matrix_table_80_ce7fc9325daa187f8dec.table.json","ncols":3}}