{"loss":1.9311165275244877,"recall_weighted":0.2735804148248895,"roc_auc_ovo":0.7455210518028527,"_timestamp":1.7482825022344346e+09,"accuracy":0.2735804148248895,"confusion_matrix_table":{"sha256":"9195955c83b8c9d5f3a0225864c50d88f41e3dd18d18950df20262a61676b07a","size":1504,"artifact_path":"wandb-client-artifact://jptgs2od8xvhxa0rj5vni3xuvdk9dxezhackt2nyb6gg91x5rs0oi4q47el92kmgy2knnosapquedv4n2owrj22pbrp896y9t6nzl2slsac6cijter1oxnaq0qadt37v/confusion_matrix_table.table.json","_latest_artifact_path":"wandb-client-artifact://y85mjf6ivq7uqpcl5lmjs7i74sl0nt108ydasba2rfopj12uswj2gyvyuomywvnuvntojna7ohhbg2fpka3c3kgpt4gj41igcj03paxppyuxv39vss9cmxahh5nqezk8:latest/confusion_matrix_table.table.json","path":"media/table/confusion_matrix_table_0_9195955c83b8c9d5f3a0.table.json","ncols":3,"nrows":81,"_type":"table-file"},"_wandb":{"runtime":12},"precision_weighted":0.46606731174691984,"f1_macro":0.14362761316952197,"precision_macro":0.1848189825665728,"fold":3,"recall_macro":0.2639609643448993,"roc_auc_ovr":0.7455322960537254,"f1_weighted":0.27643125518665274,"_runtime":12.803448516,"_step":0}