{"f1_macro":0.3332588458174757,"roc_auc_ovo":0.8809261067925226,"recall_macro":0.5600604874606583,"_runtime":20.898994746,"roc_auc_ovr":0.8455887984983581,"precision_weighted":0.6439152114726238,"_step":0,"_timestamp":1.7482827988764224e+09,"_wandb":{"runtime":20},"recall_weighted":0.46786807208432507,"accuracy":0.46786807208432507,"f1_weighted":0.5010135481677097,"loss":1.2420792723524159,"confusion_matrix_table":{"sha256":"c4f208c810f41fab330dabf50659161f9e085472972c4d8d33ad8b253fabd4cb","size":1527,"artifact_path":"wandb-client-artifact://asdo25ghxk8d4kzrqfds70mncp7ikrvnngphcadv11x15ywaiknxw74q230ptn9tae75fczmwsxuuhdvlowk7nlu3rmj6l5ru28sfak3emqcquvv8oc2jqvt3ag9bix7/confusion_matrix_table.table.json","_latest_artifact_path":"wandb-client-artifact://1ostht11nvsef9ixiajepz01yrx51jab5zp02biroaziphe0laxuurxpoc1jrnxpssahzolkp7a124bmhfmav9p3c46slrk78019beyr9ywrc4jawctkc01szmxe2r5y:latest/confusion_matrix_table.table.json","path":"media/table/confusion_matrix_table_0_c4f208c810f41fab330d.table.json","ncols":3,"nrows":81,"_type":"table-file"},"precision_macro":0.3268167996307054,"fold":3}