{"precision_macro":0.3359749452165943,"confusion_matrix_table":{"artifact_path":"wandb-client-artifact://3at1r71znjzcsejfknfcnioigc3jfzguowjzz1fepwtcpzavuhq2o7k1xlbflg7g7w4r8cpb018j5xp40t69rzjz775d168u4b60c1m8vvhvy1ss3w5l63ooe4ovqwxl/confusion_matrix_table.table.json","_latest_artifact_path":"wandb-client-artifact://sh91sglcv1h9m76sw25r4fll5rj4o2em3f0nlyd32s8xknac1gu3prrd7abo8kulophv9wciqigk0y9gm0p3os7g2iu9id7ix5xb5xn1rqooody3y4osldn6vbjsjltt:latest/confusion_matrix_table.table.json","path":"media/table/confusion_matrix_table_0_dc0fe53c3a5a2186553e.table.json","ncols":3,"nrows":81,"_type":"table-file","sha256":"dc0fe53c3a5a2186553e96d86df840e461554eff7b8d50187dad54d16ab326ce","size":1522},"roc_auc_ovr":0.849866466350784,"recall_weighted":0.43192328618063114,"fold":5,"roc_auc_ovo":0.874282254464552,"_step":0,"f1_macro":0.33587597017725235,"f1_weighted":0.47819769455405753,"_runtime":30.20203486,"accuracy":0.43192328618063114,"_timestamp":1.7488002824261613e+09,"loss":1.3787926316261292,"_wandb":{"runtime":30},"recall_macro":0.5439224541990859,"precision_weighted":0.6587495379470827}