{"_runtime":31.839246923,"_timestamp":1.7487994256460416e+09,"fold":2,"recall_macro":0.502459879105986,"_step":0,"roc_auc_ovr":0.852972171880036,"roc_auc_ovo":0.8738582027938084,"loss":1.4195429921150207,"accuracy":0.43270996259775585,"precision_weighted":0.6592066455635492,"f1_weighted":0.3957428322133158,"f1_macro":0.31783740009046263,"recall_weighted":0.43270996259775585,"_wandb":{"runtime":31},"precision_macro":0.389479743872136,"confusion_matrix_table":{"nrows":81,"_type":"table-file","sha256":"85260f1b5464fe14439ba7862c57201402d6b9cad4e740e85b0efb81605ff9ff","size":1510,"artifact_path":"wandb-client-artifact://h3u4mziauie3hi0r9h8lsn8ylevjxi27l1jthqj7vsb3obljo2yryq9bzda3ey6ru0spgsr9s7lwoiikrlaia6nzmp6f831d7axyl67kp9lad1cewe0p2n7vytv4lz7x/confusion_matrix_table.table.json","_latest_artifact_path":"wandb-client-artifact://z5mcuq0mgphg0l3ohiqsrz0h8n7sff72l2hs5ns4hqi4uxebo1l10a5zys0fgvb2yasi5salpgquqiyr63unbsjielhq3vsdauqa3nqfocv40ht2b7pqnlce24tr3997:latest/confusion_matrix_table.table.json","path":"media/table/confusion_matrix_table_0_85260f1b5464fe14439b.table.json","ncols":3}}