{"recall_macro":0.11156746498438948,"_timestamp":1.748279486208853e+09,"recall_weighted":0.42298537912274736,"precision_macro":0.07770201658309749,"roc_auc_ovr":0.6053219108012364,"loss":1.687306636366351,"confusion_matrix_table":{"ncols":3,"nrows":81,"_type":"table-file","sha256":"0b09ffb8709f72ae85582d8638ae729085198fd3066a713d1c2e3bf0f53a7fc6","size":1464,"artifact_path":"wandb-client-artifact://c4vnd4tigw3kc5dcpy8yxc13jf5emdpp5tu0b9yrx1xyfaz5ggaim4xr8743ceag9zul1rcz5truhq5jty2ntw50sbcpqy2c9e78otmxlwl2c7p6rrio9n83g1x0wnwm/confusion_matrix_table.table.json","_latest_artifact_path":"wandb-client-artifact://tj5ev8yhz8j1nev835yk5atvfaah2cylmwxnsc3z0dkqpgfoc5aen24da49yrqh0ixfk67vrci29c2l762jt0bdr2qzmup0t1wpf27mmwu3b29ltzr5ga2u7hx43vw4p:latest/confusion_matrix_table.table.json","path":"media/table/confusion_matrix_table_0_0b09ffb8709f72ae8558.table.json"},"precision_weighted":0.2557212095021014,"accuracy":0.42298537912274736,"_runtime":4.606204215,"fold":3,"roc_auc_ovo":0.5809639377251217,"f1_weighted":0.2552548324637604,"_wandb":{"runtime":4},"_step":0,"f1_macro":0.0676995760669738}