{"_timestamp":1.7490401183902934e+09,"test_recall_weighted":0.5196670474946956,"_wandb":{"runtime":50},"_runtime":50.310393257,"train_loss":1.2623168461219125,"epoch":79,"test_confusion_matrix_table":{"nrows":81,"_type":"table-file","sha256":"c10a258904aacce5deeacc9537a8905c3f8043848a446211d7a32cdd522e1064","size":1527,"artifact_path":"wandb-client-artifact://zgdngkz0t4d8526ymwzofydz149q2ypiztp1i59wbq7mu6hip6sgand5jcs7289xi9jp6cgan54prz6o7tbobfxflg8ziasmg98kqxdbnv7imdy1dguhd8w785n1ompn/test_confusion_matrix_table.table.json","_latest_artifact_path":"wandb-client-artifact://cny9c15lxu4ze2gcct7dpe2vu41qxre6bydf7p8sy4oypjv7i0kwuuzong5lvm6tcgdjewrulrbjr9pbeygnflggp2t6c83nzqa1qo63q38yma5xhsa5xeggundmcoly:latest/test_confusion_matrix_table.table.json","path":"media/table/test_confusion_matrix_table_80_c10a258904aacce5deea.table.json","ncols":3},"test_roc_auc_ovr":0.8490659713057398,"test_f1_macro":0.37156254418068535,"test_confusion_matrix_image":{"size":57355,"path":"media/images/test_confusion_matrix_image_80_f3692bc0556e30af0b68.png","format":"png","width":1000,"height":800,"_type":"image-file","sha256":"f3692bc0556e30af0b685e836e5eae8810557d1ceeacd8f3c200ce2bfc32fc67"},"test_roc_auc_ovo":0.8781794385678747,"test_precision_weighted":0.6812778581987619,"test_loss":1.2971843398279614,"test_recall_macro":0.5689486252475214,"test_accuracy":0.5196670474946956,"test_precision_macro":0.3742297650660052,"test_f1_weighted":0.5384648868335077,"_step":80}