{"f1_macro":0.3206846802766725,"_timestamp":1.7488014570510414e+09,"recall_weighted":0.41455287317239037,"_step":0,"recall_macro":0.5288076025604451,"confusion_matrix_table":{"artifact_path":"wandb-client-artifact://c50sftylwpeh4tgbiqqsv3snsav5521rvobpija9uholgcgcvewd5z2kxbzpbedh31i35tch6l0y3oxacuu11a6a7s8r7tw3rroidhxae3fnzbnqv0x92p3vjppl6iqm/confusion_matrix_table.table.json","_latest_artifact_path":"wandb-client-artifact://xbq8w5b9ibl3brznmlyr30ivhpozdxwlvecq0klvnu2lcwk2g86csy0l7h2f0o6lfzqfkln34sz3pb926b7pdnmlwrdd28zbh2re3xp4rayz4e8kgvimyo1lv87aonwn:latest/confusion_matrix_table.table.json","path":"media/table/confusion_matrix_table_0_5983fb6c66468fdf2a4f.table.json","ncols":3,"nrows":81,"_type":"table-file","sha256":"5983fb6c66468fdf2a4f95a56ad95ce9c673fbc53cc278453b6da369449a0baa","size":1523},"f1_weighted":0.4421204345801196,"precision_macro":0.3303677966496542,"roc_auc_ovo":0.8843401289301994,"precision_weighted":0.6432031311782203,"_runtime":33.47532219,"loss":1.2790126244227091,"_wandb":{"runtime":33},"roc_auc_ovr":0.8494350601236653,"accuracy":0.41455287317239037,"fold":1}