{"roc_auc_ovo":0.8141520809297087,"precision_weighted":0.5799707370962933,"recall_macro":0.47836277939502014,"_step":0,"fold":1,"_runtime":52.887576636,"loss":1.546215183838554,"roc_auc_ovr":0.7894086032057539,"_wandb":{"runtime":52},"precision_macro":0.28368928812458527,"accuracy":0.45120707242434543,"recall_weighted":0.45120707242434543,"_timestamp":1.7482853879307823e+09,"f1_weighted":0.4659604825580293,"f1_macro":0.2836264102507797,"confusion_matrix_table":{"ncols":3,"nrows":81,"_type":"table-file","sha256":"73f90eed3be30f54f8ac4b3e09bb8e982dabbaea97c62fe9b72e3d564692f6a6","size":1520,"artifact_path":"wandb-client-artifact://lfbuhp7jxewm2775eqfe3pkr3plrw7l0q5qd664nrnkuv6dzlym89axy3sdq6wthy69lii3blhkllw4slslo287f9hy4z6nyfbu4kt59s4inviqlups1f04fwv09x7jp/confusion_matrix_table.table.json","_latest_artifact_path":"wandb-client-artifact://epl0lzqm7cwj3ah40ahq68di2f0zw3dgrxr40j9my98wuv5butmbaq96tlsvwsii8587lo3pu1s6k2n183od95u47uxwvyq7yqdfgm4p3ovhjcmcxmcn0x3piywyobt8:latest/confusion_matrix_table.table.json","path":"media/table/confusion_matrix_table_0_73f90eed3be30f54f8ac.table.json"}}