{"recall_macro":0.17032272461355671,"fold":4,"roc_auc_ovo":0.57062625525344,"precision_macro":0.12125040280574358,"precision_weighted":0.4013344821315469,"f1_weighted":0.43487776843099407,"recall_weighted":0.518430359085963,"_wandb":{"runtime":4},"_runtime":4.194960955,"loss":1.6352566994469742,"_step":0,"roc_auc_ovr":0.5810508891857101,"_timestamp":1.7482794922506952e+09,"f1_macro":0.1358444244515928,"confusion_matrix_table":{"path":"media/table/confusion_matrix_table_0_7c33e0c4970f754a515e.table.json","ncols":3,"nrows":81,"_type":"table-file","sha256":"7c33e0c4970f754a515ee8294ba71b2c4682d96665e65f864b9535e588a9a589","size":1473,"artifact_path":"wandb-client-artifact://sui5shjerufzi9l364ij365hb6vrnjfn0yw4arcdntbft40l9zo1xx2dkj1cjgng8d6mun9h19y2pjr6afj5xb062u129v89os57iytnwcj9soehe41ycwez2ooo50qp/confusion_matrix_table.table.json","_latest_artifact_path":"wandb-client-artifact://1vxjgkc8rd80pca2idq7gbnogpfr9iemtmm136sabc4fwf7jlxzg2yuyzgawcpyjayc9la1j5sfylo7zkou3vo1za5h1p6f3vtxi4ukrxv5ry5zn5ytxmlfw1flfjmmy:latest/confusion_matrix_table.table.json"},"accuracy":0.518430359085963}