{"roc_auc_ovo":0.877968579722294,"accuracy":0.3955117307038422,"precision_weighted":0.6156236163816461,"recall_macro":0.521638457230925,"f1_macro":0.33377865911651367,"_runtime":35.209979292,"f1_weighted":0.43242830417663336,"loss":1.382382877667745,"roc_auc_ovr":0.8416101818447671,"recall_weighted":0.3955117307038422,"fold":2,"_timestamp":1.748801088804171e+09,"_wandb":{"runtime":35},"precision_macro":0.35382556156270495,"confusion_matrix_table":{"nrows":81,"_type":"table-file","sha256":"abd7e63e617af844f1db243a706a790471032f9504aae49b35d2280a2f47e9eb","size":1520,"artifact_path":"wandb-client-artifact://2q3sss46s1oly9sjupwcyui10i4sn5esfzj3j57tklj3s8ia4m11fuj3gjey60hmz4ssi5ig84p7o2uxsk52z3xqekaqf63efojpa3uirq1q0p893kxhjslan2mvsdp3/confusion_matrix_table.table.json","_latest_artifact_path":"wandb-client-artifact://ex2sbtn7jnmco4tr3ebbf9mt163loktxumbivjisw5aq4myxxe8nrbk0ownclnoeiy6d6l4s5l3bxbz41ng2rjmt5ex5gx253ww92xdtsbw5evkregj71e827ox0jg6z:latest/confusion_matrix_table.table.json","path":"media/table/confusion_matrix_table_0_abd7e63e617af844f1db.table.json","ncols":3},"_step":0}