{"recall_weighted":0.4268616116967018,"roc_auc_ovo":0.8145678893202349,"_step":0,"recall_macro":0.47355151086660247,"_timestamp":1.748285444001102e+09,"precision_macro":0.2916575974571861,"confusion_matrix_table":{"nrows":81,"_type":"table-file","sha256":"bc6dc5eb7e686c69ffa1748615b7ad602fe078fd0261d57deddd13a6d9eb3ce6","size":1522,"artifact_path":"wandb-client-artifact://skvxcw6fprjmx7a4k40efpds14l5o5hs9z3gn4iuoulkappk1ozdw2n5vfreowi7anu1d5a7egzoljnrvdpfrt2er9lhp2h2n0pc4zmwimuoctr0tg31x7yxpt6u2kta/confusion_matrix_table.table.json","_latest_artifact_path":"wandb-client-artifact://cj3l7ehgcjqq9zcku76urhorazodqffvfmm06c98o60wkdeymow4fwzvcax0ct00hirskjb6dvfc8if7bk0zrk3hf3lpwofoc11iunl4jbke2lgp45mzt8r5n0bp9bts:latest/confusion_matrix_table.table.json","path":"media/table/confusion_matrix_table_0_bc6dc5eb7e686c69ffa1.table.json","ncols":3},"roc_auc_ovr":0.7861012980519573,"_wandb":{"runtime":49},"loss":1.5579951843489772,"f1_weighted":0.4528306605463208,"fold":2,"_runtime":49.615380919,"precision_weighted":0.5929803330316408,"f1_macro":0.27713459774408516,"accuracy":0.4268616116967018}