{"f2":0.9981377519811873,"recall":0.9987079224753486,"_wandb":{"runtime":94},"true_negatives":344103,"f1":0.9972837158766807,"true_positives":14686,"false_negatives":19,"specificity":0.9998227589172604,"_timestamp":1.7474821010518103e+09,"loss":0.002965341649865473,"false_positives":61,"accuracy":0.9997770774293684,"fold":3,"_runtime":94.867280088,"_step":0,"precision":0.9958635654709432,"roc_auc":0.9998418803967164}