{"accuracy":0.5118667120027202,"_runtime":5.039118213,"roc_auc_ovr":0.5945974035034945,"loss":1.622753517381076,"precision_weighted":0.38641511032913933,"fold":2,"_wandb":{"runtime":5},"roc_auc_ovo":0.5788007709680502,"recall_weighted":0.5118667120027202,"_timestamp":1.748280315088666e+09,"confusion_matrix_table":{"size":1473,"artifact_path":"wandb-client-artifact://n3r63gzfz0c5t6a34vcvt6zas358ob919glun2hxr44wypdijv6ehed2ys2ay46e7miom0sgdi2to8ltu5uwkmvrrhg9zhodcd63mkaqk7eov0t7pfgxu6st0ye4r7dr/confusion_matrix_table.table.json","_latest_artifact_path":"wandb-client-artifact://n4o8mmr38r67kapqln14q295jagw5f8c43wttykqydrmoakvwfocbflgmj0cosefo3wwcf31hizlqiyis1k572d28iwdqbwi9t4x5wrka2jtdup9lvpwjek6902l7gam:latest/confusion_matrix_table.table.json","path":"media/table/confusion_matrix_table_0_91a24f4c6b655efb91f0.table.json","ncols":3,"nrows":81,"_type":"table-file","sha256":"91a24f4c6b655efb91f0e4cc82aa8eb781fecbb2fcb42fef3ae6dd69a95edded"},"_step":0,"f1_macro":0.13370256964713217,"f1_weighted":0.4287701695093031,"precision_macro":0.1172343613008327,"recall_macro":0.16642006463380946}