{"test_f1_weighted":0.45210051329651485,"test_confusion_matrix_table":{"ncols":3,"nrows":81,"_type":"table-file","sha256":"db59c57413127a017d17a864a522647f63306f17c3de424354db42c7dace7f4f","size":1527,"artifact_path":"wandb-client-artifact://ig71xglv12kfr0qqc7az8cf3brtx5gk6c25oem1wmh358s0zk2zx5k0rcy5ptux1q92jvm72w0kkgr6ef4expcrfh9psrttm8poma27196mss9a1xpquc7yml32q4hcy/test_confusion_matrix_table.table.json","_latest_artifact_path":"wandb-client-artifact://lf539lpv5l6dn0jwr17eq1ku8yk2blwm7iyj5f0p2kta576v67tjde3zahi0j3uqvnthe0onsspdld305zucaprhi0xx0k61el5el0m93yu7wpplg3xicrifc0z6d18r:latest/test_confusion_matrix_table.table.json","path":"media/table/test_confusion_matrix_table_80_db59c57413127a017d17.table.json"},"test_confusion_matrix_image":{"width":1000,"height":800,"_type":"image-file","sha256":"0e82d77270d45c27763300dbe2ac84d71767d6051d6e3b18d643a6f5ccf904af","size":55231,"path":"media/images/test_confusion_matrix_image_80_0e82d77270d45c277633.png","format":"png"},"epoch":79,"test_recall_macro":0.556936760896554,"test_roc_auc_ovr":0.8603408121760832,"test_roc_auc_ovo":0.8874523285082359,"_step":80,"test_accuracy":0.4173331157173168,"_runtime":51.828538518,"test_precision_macro":0.3588222747804509,"test_f1_macro":0.3588076183388151,"test_loss":1.3094250799881086,"test_recall_weighted":0.4173331157173168,"test_precision_weighted":0.6648895598791025,"_timestamp":1.7490392753317819e+09,"_wandb":{"runtime":51},"train_loss":1.1295135693831577}