{"precision_weighted":0.6823284465357137,"_step":0,"confusion_matrix_table":{"path":"media/table/confusion_matrix_table_0_d0f00753d26efdc3a084.table.json","ncols":3,"nrows":81,"_type":"table-file","sha256":"d0f00753d26efdc3a084ea6f25ea3892b846cbb02c93d7093b995c69e3ef18e8","size":1518,"artifact_path":"wandb-client-artifact://0p36hcus2nsjp3lruhocomb22ex20wu6n4bpufogpr51f8oftxd181k961o54fgvares0z4hzu1fawdglg1abgu8fl6gqmlpbf92l692v70gxiqib5zk0plb64oyvo3h/confusion_matrix_table.table.json","_latest_artifact_path":"wandb-client-artifact://w4bh1930sty0u15cjysybk815dscfk66yfa7hpa1xu7m52b4o8l0ujupx8xk3nzysx73fczxaxz2qavb01qfjgut16weh4t5we24ufos1vfrqx2xk1aghzrk2ox7xeoo:latest/confusion_matrix_table.table.json"},"fold":5,"roc_auc_ovr":0.859276451020058,"f1_macro":0.36952293980659373,"f1_weighted":0.46849508814269947,"_runtime":45.912473589,"recall_macro":0.5333679253306554,"_timestamp":1.7488018267348573e+09,"loss":1.4244662125905354,"roc_auc_ovo":0.8846227965775831,"_wandb":{"runtime":45},"precision_macro":0.37497378877037907,"accuracy":0.42301414581066377,"recall_weighted":0.42301414581066377}