{"_wandb":{"runtime":32},"roc_auc_ovo":0.882825785102167,"accuracy":0.40516831009860593,"_step":0,"fold":2,"recall_weighted":0.40516831009860593,"confusion_matrix_table":{"_latest_artifact_path":"wandb-client-artifact://8otmdzok91unpgi3ynihaejphg09mgahlujma2qd9995mmdmt7odtxzfjgjkt7la5y3ek42pmdj1amusognoojqmyh08euv7937i1zxx3l52j7qkhynardiy0n1ng9l4:latest/confusion_matrix_table.table.json","path":"media/table/confusion_matrix_table_0_085ed9695ae23df3e4ac.table.json","ncols":3,"nrows":81,"_type":"table-file","sha256":"085ed9695ae23df3e4ac369132d8154e209476195fd1255d331cb2a3f4e897cb","size":1526,"artifact_path":"wandb-client-artifact://bggo6kk0iil9wdo48onxrfsolnik7oi57upt3we6iovdtop4kybmjd2wkv949pahfwmt5a5aubjimqwkfv6scx6nqibvklujftyxbiq71yy0vtjd9arvw3pz7cftsl1f/confusion_matrix_table.table.json"},"loss":1.2835384587446848,"f1_macro":0.30843309936265156,"_timestamp":1.7487990137292144e+09,"precision_macro":0.34145370428541505,"_runtime":32.019672892,"precision_weighted":0.6583642901657739,"roc_auc_ovr":0.8568010845013531,"recall_macro":0.5437630268760381,"f1_weighted":0.44087746469156813}