{"roc_auc_ovr":0.862131436679286,"roc_auc_ovo":0.8945855889922133,"recall_weighted":0.4539952397143829,"confusion_matrix_table":{"nrows":81,"_type":"table-file","sha256":"2ee523c3333b7d17aef43dcba966e1b7af9e1fcd2e9c20b16279d958b84d248f","size":1526,"artifact_path":"wandb-client-artifact://38xiarviqwyza51gv8vpuefkkljpzrp4esg8mfufz8cz9zb2bas5wxsa4ytx7yo9yoj531und69uzsdn540tzgbb1q93gas2zfauqxv3egcn1ekdgyr5s8ethrklb20c/confusion_matrix_table.table.json","_latest_artifact_path":"wandb-client-artifact://1dduq7wp7ozy1dok5v7anyoujfxnutkf8m77ne3gulxhhg8ed10a6s3cxfnoaor9jsyctx4dmx8dc42fw9pciv2r20szd5idfrqr07tma3mkqsjxr1t6mto1qh9m7q8t:latest/confusion_matrix_table.table.json","path":"media/table/confusion_matrix_table_0_2ee523c3333b7d17aef4.table.json","ncols":3},"_step":0,"precision_macro":0.34772178531436876,"recall_macro":0.5890146751808815,"loss":1.155799428621928,"fold":2,"f1_macro":0.3478426917502322,"precision_weighted":0.6734915857984042,"_runtime":40.545784182,"accuracy":0.4539952397143829,"_wandb":{"runtime":40},"_timestamp":1.7488016947912812e+09,"f1_weighted":0.49617383895890577}