{"_runtime":49.671329264,"test_precision_weighted":0.662881292358829,"_timestamp":1.7490347122692807e+09,"test_roc_auc_ovo":0.8744334937066169,"test_f1_macro":0.3315130633138022,"test_precision_macro":0.3336348156791708,"epoch":99,"test_roc_auc_ovr":0.8398598885962404,"test_loss":1.2820433494117525,"test_recall_weighted":0.43474239704042217,"_step":100,"test_recall_macro":0.5557773147463069,"test_f1_weighted":0.48438740159017535,"_wandb":{"runtime":49},"test_accuracy":0.43474239704042217,"train_loss":1.2182694338262081,"test_confusion_matrix_image":{"sha256":"0cacd1f55e15a62464e9e64155532db9881883167966d8a7a649a92343bfa465","size":55103,"path":"media/images/test_confusion_matrix_image_100_0cacd1f55e15a62464e9.png","format":"png","width":1000,"height":800,"_type":"image-file"},"test_confusion_matrix_table":{"ncols":3,"nrows":81,"_type":"table-file","sha256":"f185d01d54e27bc1d855011a05ecfcae4247fc8a5c69647def4ea8024c10df3f","size":1530,"artifact_path":"wandb-client-artifact://cpw4potf1likr2h0slnrslgd552fweg7npm2klkdib9g9ms2dm93giinssemg0yeepmhoa7u2rlg667fzkp4fpuroved91whwuu5ugdh18mo2a6z8tv6b4823ar3lj2n/test_confusion_matrix_table.table.json","_latest_artifact_path":"wandb-client-artifact://9xdv3p5k88d98d4tqo763dky5odvmie8lzczgkjdmgmxdiimcw6rvzd87c2rpu1yg6mw8mv78czo4ywmuvdfo6wtiumur7e6oxvbkmcwbryxs0def8m9j2tk8399nhs4:latest/test_confusion_matrix_table.table.json","path":"media/table/test_confusion_matrix_table_100_f185d01d54e27bc1d855.table.json"}}