{"roc_auc_ovr":0.8303127459129366,"loss":1.3085670923364574,"fold":4,"recall_weighted":0.47157236126224156,"confusion_matrix_table":{"size":1518,"artifact_path":"wandb-client-artifact://sy8zlzip6gi1ciirbuifycyorkr74t8qguwb1a23d4dbgvhtzgm3bag45iqjgl7bsjhol0qswnsmnfbhydlhfxrzaziq74i3lv9pqekd6336pbg9763qo6si4zzcti3p/confusion_matrix_table.table.json","_latest_artifact_path":"wandb-client-artifact://2mly9ztg368wn5he3g0zr8fhdqzk6ny07yhnazs2de7n8e3za2qp9iasbre2bfzeh9xi8fd8y98prda5but1zmr26qkyy7vb1c0b2vu99k20px9vx7nw5shgkstwq8iq:latest/confusion_matrix_table.table.json","path":"media/table/confusion_matrix_table_0_205d3e043568ae458dfe.table.json","ncols":3,"nrows":81,"_type":"table-file","sha256":"205d3e043568ae458dfe9d39583ad7d11bd6cf8f9a01411697ee56527c84ef1e"},"accuracy":0.47157236126224156,"f1_weighted":0.4977502716656427,"f1_macro":0.3238651450169521,"roc_auc_ovo":0.8686718162868577,"_timestamp":1.7482827104514334e+09,"precision_weighted":0.6302506257115521,"_runtime":14.263639293,"precision_macro":0.32059718154959976,"_step":0,"_wandb":{"runtime":14},"recall_macro":0.5343138939992805}