{"accuracy":0.41319279156749406,"roc_auc_ovo":0.8942080131289634,"recall_macro":0.5739870462064967,"_runtime":40.97656325,"f1_macro":0.31844252244617405,"_wandb":{"runtime":40},"confusion_matrix_table":{"size":1524,"artifact_path":"wandb-client-artifact://4d8sn1y4hxikfp4jbg6k5gg5z3p7avl7i0jt5s8f6xufohopnbpn1upiba9q9s5o95wexyhlh0ozca1flx9lob7dhrbw7ksbhwovidnaemihockymjgvckfip9gqd7ji/confusion_matrix_table.table.json","_latest_artifact_path":"wandb-client-artifact://svdp3oyutdw6i5gkl9yaitcwc5rkyzo0v66spte7pxua38ll7id8o0osfpo4stnil65ktxoysyig0crxmqx4a1dta9nnrabzub2gnrdx4nyxmwfskjqbokiii5cy61pr:latest/confusion_matrix_table.table.json","path":"media/table/confusion_matrix_table_0_591f4bf2e28bdf4d00dd.table.json","ncols":3,"nrows":81,"_type":"table-file","sha256":"591f4bf2e28bdf4d00ddcc7f066615661c2b3bdd3efce95f6df5aaf082f3d88f"},"roc_auc_ovr":0.8620354786747976,"loss":1.18750239610672,"precision_weighted":0.6687482392137055,"recall_weighted":0.41319279156749406,"_timestamp":1.7487992066895666e+09,"fold":2,"_step":0,"precision_macro":0.3325046696606883,"f1_weighted":0.45208327100633444}