{"_timestamp":1.748285598587246e+09,"f1_macro":0.28214829683636705,"recall_weighted":0.44375680087051145,"accuracy":0.44375680087051145,"fold":5,"roc_auc_ovo":0.8030481612193621,"_step":0,"_runtime":48.671793129,"recall_macro":0.4620640536710137,"precision_weighted":0.596487841529017,"loss":1.5676040979831114,"_wandb":{"runtime":48},"roc_auc_ovr":0.7757555802886107,"f1_weighted":0.46196779503253516,"precision_macro":0.29278903317546073,"confusion_matrix_table":{"nrows":81,"_type":"table-file","sha256":"671de06183f7b774f196387fafce30bff0e8367f7206f5f2f4bfd35b4378d8ec","size":1518,"artifact_path":"wandb-client-artifact://s9dn749qnlzxiriltuv4dqot3v8b19l87shtg1kmvlsa03tfzr57f6koy1flkh1r07qxjvciz6vbpobmy7r3bwc2zxbhta9o839v845sxm1glqrkcd85y45pwasanh2f/confusion_matrix_table.table.json","_latest_artifact_path":"wandb-client-artifact://aeczltc5bhetpuminlo8gag4ey6ytrazqyfoklaanv2guxmfxmjjyejkzz6xin1yuuydea6309gly8jfdet1mmjxrvo9pyclcfmu1qhipncr26jalan9ptyb219q90ty:latest/confusion_matrix_table.table.json","path":"media/table/confusion_matrix_table_0_671de06183f7b774f196.table.json","ncols":3}}