{"_timestamp":1.7482841373021655e+09,"_wandb":{"runtime":58},"recall_weighted":0.2786807208432506,"fold":3,"f1_weighted":0.3598541081501198,"confusion_matrix_table":{"sha256":"e8ce6dbf1c11a3aec619fe9f0d79ba97c14b437a3f234f25b28061c47bff3b68","size":1514,"artifact_path":"wandb-client-artifact://i47xkoverkgxdzpj689e62uwtlbay3011d7x59m2quvlv4uk2mp1apzvajvt572m83y0id6i5b4t3dvcot9dy258xkslrs6sh2f2t5zphj7vhj4c8nhuwntksg33upz1/confusion_matrix_table.table.json","_latest_artifact_path":"wandb-client-artifact://c5rqcdigfw1lu5c3ka35m52z1drkalzqw742ci76wsaab1488otsb1fsxo1dep5gj0bkv2cyihf9mfbh7o9rd1xm0lyu7pt9unq362fnty7i3tuqjcqaxrgoo0wegyp3:latest/confusion_matrix_table.table.json","path":"media/table/confusion_matrix_table_0_e8ce6dbf1c11a3aec619.table.json","ncols":3,"nrows":81,"_type":"table-file"},"roc_auc_ovr":0.753281947965662,"_step":0,"f1_macro":0.20740624158989104,"precision_macro":0.3236113110453175,"precision_weighted":0.6152357858537226,"roc_auc_ovo":0.787569211847615,"loss":2.266110584075036,"_runtime":58.754978953,"accuracy":0.2786807208432506,"recall_macro":0.39584165251622444}