{"_timestamp":1.7482798564604506e+09,"f1_weighted":0.2911428700954509,"precision_weighted":0.29855531416915587,"roc_auc_ovo":0.569402969506502,"_step":0,"precision_macro":0.09417557181339256,"roc_auc_ovr":0.5934689349127571,"_wandb":{"runtime":4},"confusion_matrix_table":{"_type":"table-file","sha256":"755db683aa2f8379f07870ded533b6dee2fd07af4eec2ca74482aa1bcdbcc50e","size":1469,"artifact_path":"wandb-client-artifact://i3y0f1a85csou1ukkp0f2zcge4l1nx500nvi2268u394ubjdfgrrur96c8ckc44hyd1o33xbgc6c3w0onncijo2w17lc1vqmkdntcnvj6g63jhvmnbun606wejvert4h/confusion_matrix_table.table.json","_latest_artifact_path":"wandb-client-artifact://kc1zmnzp8oam6r2re3m07iew8wdehuj895wu8qmil0hsqb2ghlccpkkhzn7fsjw3hrltm2pf6bbyy34hyx1chouryla8jj6oup8wws9bxhd0juu4hs1z8yql4iuv52h4:latest/confusion_matrix_table.table.json","path":"media/table/confusion_matrix_table_0_755db683aa2f8379f078.table.json","ncols":3,"nrows":81},"fold":2,"recall_weighted":0.43352601156069365,"accuracy":0.43352601156069365,"loss":1.619203586002876,"f1_macro":0.08165835186558851,"recall_macro":0.11706991375409063,"_runtime":4.285781555}