{"avg_loss":1.1824776307741802,"_runtime":1.008930421,"avg_roc_auc_ovr":0.868476250910917,"avg_f1_weighted":0.5208235973462527,"avg_recall_weighted":0.484611141902464,"avg_confusion_matrix_image":{"path":"media/images/avg_confusion_matrix_image_0_b80fbbc876e9b6997560.png","format":"png","width":1000,"height":800,"_type":"image-file","sha256":"b80fbbc876e9b69975607fe35f6e54cd4936a8dad66c282b42e3f5220ef5d6fb","size":69540},"_wandb":{"runtime":1},"avg_precision_macro":0.36334392996295256,"_step":0,"avg_precision_weighted":0.6729178055684993,"avg_recall_macro":0.5840144481433833,"_timestamp":1.7487993580356145e+09,"avg_confusion_matrix":{"size":625,"artifact_path":"wandb-client-artifact://7snkaqmftzena266zzfhmoix4e2994j7bgnn61wueqe7xxfri6bgvkiwwqupgo6wrxlb3cwum6ymkmm9gehsrt7ttdieskaq56dmkrgqyvmbpgzrn5ikmzymzlj1k8pn/avg_confusion_matrix.table.json","_latest_artifact_path":"wandb-client-artifact://bayqsmjkqyk1ilfa72ddgomgiz1so69kss9cv2fdgrnymmx69bcftkymszvtuwn2oerjcp9mrphccjam7iz5kt7kjycwg9xmy4ntfavju186mkzmig25rxwk0mz4thy9:latest/avg_confusion_matrix.table.json","path":"media/table/avg_confusion_matrix_0_48beb68f9fd9c9eeb9ea.table.json","ncols":9,"nrows":9,"_type":"table-file","sha256":"48beb68f9fd9c9eeb9ea70b0e46941818821a690e88168525cddf1ea1b9e3149"},"avg_f1_macro":0.3703936604462413,"avg_roc_auc_ovo":0.8957479411385408,"avg_accuracy":0.484611141902464}