{"roc_auc_ovo":0.855711332552728,"recall_macro":0.5178284814628153,"f1_weighted":0.4786999723548543,"_wandb":{"runtime":14},"_step":0,"recall_weighted":0.4396082698585419,"loss":1.4152268931783478,"roc_auc_ovr":0.8223343878480608,"fold":5,"precision_macro":0.306581180245155,"f1_macro":0.30767285301925906,"_runtime":14.673110048,"_timestamp":1.7482827271670465e+09,"accuracy":0.4396082698585419,"confusion_matrix_table":{"ncols":3,"nrows":81,"_type":"table-file","sha256":"f721ef7ba46b697d6f94c36a992be3b3f83c6c9bded003e06d215a624e8ed528","size":1527,"artifact_path":"wandb-client-artifact://otpbk1bvqnv3zrc7ufuvmo6kq6xg9sj7pye3vamkgy18ly7qdlw2gbj8xthde5s2ocx4v4yccgohduphkjpcl3hvwpotfyk1a6nv1yeudxmbjdeipmi9aegxcvyw041a/confusion_matrix_table.table.json","_latest_artifact_path":"wandb-client-artifact://e79jflo0mp8sz8kr7ccw3yx07272s5uqikmnxovxi7543m318tc7lnzldarbjymwgdjzakn0s4n5mexcflidhfa00fnxxc4rxifl52ygbyn8qyaac902s0jgmf2frpm5:latest/confusion_matrix_table.table.json","path":"media/table/confusion_matrix_table_0_f721ef7ba46b697d6f94.table.json"},"precision_weighted":0.627566289600012}