{"loss":1.19447194536527,"recall_weighted":0.5334602829162133,"f1_weighted":0.5714808279444751,"_runtime":32.055100933,"precision_weighted":0.6847507322606011,"confusion_matrix_table":{"path":"media/table/confusion_matrix_table_0_1efc73f798b67b1f2013.table.json","ncols":3,"nrows":81,"_type":"table-file","sha256":"1efc73f798b67b1f201303820d6842fa7be63bfdba2f88926f1421c55f23114b","size":1528,"artifact_path":"wandb-client-artifact://0jc7zdm95yygtp7w98x51nq27b7oxbhxpu76cds9qkjq9r5pf3zmooy11vaed5o9vcfhtfxj9nza3jkil7cmg4tz6y0tvnmie1b4uion1f7hem3cln3fe5derp0ptjyf/confusion_matrix_table.table.json","_latest_artifact_path":"wandb-client-artifact://y67lgokoncsmtci0fbyorz07ckug03o5zaw3pyw78c3pnp4zg5ii3o6dy1a904skyqd18e799ehk3kj12n5oxs6ltogg7cp97f8kchkbdo9g67jfm9sojz66ti04z624:latest/confusion_matrix_table.table.json"},"f1_macro":0.3806193718657889,"accuracy":0.5334602829162133,"_timestamp":1.7487994929387367e+09,"precision_macro":0.37525432912288137,"roc_auc_ovr":0.8688557881999536,"fold":4,"_wandb":{"runtime":32},"_step":0,"recall_macro":0.5891620217357206,"roc_auc_ovo":0.8926916883530603}