{"avg_accuracy":0.4219088001645714,"avg_confusion_matrix":{"path":"media/table/avg_confusion_matrix_0_ccf1b45e9ec0695abc1a.table.json","ncols":9,"nrows":9,"_type":"table-file","sha256":"ccf1b45e9ec0695abc1aa960ac3dfb25af222ee21b7e139def3dafbc3056b68f","size":557,"artifact_path":"wandb-client-artifact://0lufk0yv8y4ucpjg7ap43lmkynmdvcmapjx8vteufprwedifefgwdbxdnkkbw1aiajjphwol86wbl1sidbfn2aer5f4w8bqk0jrescp92wmyd5t7qc0eldwb2mfkx907/avg_confusion_matrix.table.json","_latest_artifact_path":"wandb-client-artifact://c2gvp5qnsfqjj4zx6vfsmfp0emdoru5k39u4lrcwe451zm4c3s5u8o2p5oyzev26j2t6vvrmmavrbbeh0wiyk2484n378fbecrfhlcve1210j86pq238qhytdhu9srcu:latest/avg_confusion_matrix.table.json"},"_step":0,"avg_f1_weighted":0.251607486211607,"avg_recall_macro":0.11105767158013755,"avg_loss":1.6051378903717832,"avg_f1_macro":0.06631327111174817,"avg_precision_weighted":0.20382505936987708,"avg_roc_auc_ovo":0.5632004402051395,"_timestamp":1.7482805544429421e+09,"avg_confusion_matrix_image":{"size":41816,"path":"media/images/avg_confusion_matrix_image_0_84469046cc344dd67d49.png","format":"png","width":1000,"height":800,"_type":"image-file","sha256":"84469046cc344dd67d49f11f0b4dbf0f387c5a27d18a94f61d8ff8009f747bc5"},"_runtime":1.177460422,"avg_recall_weighted":0.4219088001645714,"_wandb":{"runtime":1},"avg_precision_macro":0.05707529285320604,"avg_roc_auc_ovr":0.5786075940107045}