{"precision_weighted":0.17834179877382236,"_step":0,"_timestamp":1.7482798628683374e+09,"f1_macro":0.06598135309586421,"confusion_matrix_table":{"_latest_artifact_path":"wandb-client-artifact://zma3ut96vs31r4xp2xidkj781wpk31v5pylls73rpjkzv5brpsysrvjbxvqlgjh7c7r37s7qp3wlg8mj9r9rhz0k0paw3linnj74thmutw598valtcyrfx5pkoj56fxn:latest/confusion_matrix_table.table.json","path":"media/table/confusion_matrix_table_0_d96f2664f38fffab39e9.table.json","ncols":3,"nrows":81,"_type":"table-file","sha256":"d96f2664f38fffab39e9ac4711d86ac5039f378068f03b4afb495fe2c21790e3","size":1459,"artifact_path":"wandb-client-artifact://du4s2f8nds2n0gxgxv0unwa5pv0rjtteq8wb0o4njazq5yuiljg7pgsq6ubwsbueb2n1bj2r5wy7vs8d5esi0gbkaqeij3wq1ypxps9skhhnp0rk39921vxc96bt2bog/confusion_matrix_table.table.json"},"fold":3,"roc_auc_ovr":0.6061839130740094,"recall_macro":0.1111111111111111,"f1_weighted":0.2507784987778205,"accuracy":0.4223053383202992,"roc_auc_ovo":0.5803341180082171,"loss":1.6414790770103191,"_wandb":{"runtime":4},"_runtime":4.478573248,"precision_macro":0.046922815368922136,"recall_weighted":0.4223053383202992}