{"precision_macro":0.29371507161873056,"recall_macro":0.3902089651446803,"recall_weighted":0.2718803128187691,"accuracy":0.2718803128187691,"_step":0,"roc_auc_ovo":0.7883484549344696,"confusion_matrix_table":{"artifact_path":"wandb-client-artifact://idmu0v8w3er2docchudxbs4injhoyanthw1lnsy5bo6s5pdtj257kp2pjx4rwkpwfwxuoz2en4l2ebnleryucn82lko3rynwytrytr67rbyjfilvuzaqekhpuleabod9/confusion_matrix_table.table.json","_latest_artifact_path":"wandb-client-artifact://eelac3ldppf8nc0muwilad4htr3x72jzzv19o24zgkw0ip7yah1ti60mbbmrhholh19v1gomndhhs2tamrxz9qsj6yrv045iem7rtcnc1djegyb6uygps53adx0sa6an:latest/confusion_matrix_table.table.json","path":"media/table/confusion_matrix_table_0_4668410ad0f30c3f9fc8.table.json","ncols":3,"nrows":81,"_type":"table-file","sha256":"4668410ad0f30c3f9fc83840b9d137efbb66f24a33af1447659ad05cb68245b8","size":1513},"roc_auc_ovr":0.753723814213043,"_wandb":{"runtime":59},"precision_weighted":0.6061623822869079,"_runtime":59.863588056,"_timestamp":1.748284076873931e+09,"fold":2,"loss":2.2440973039554515,"f1_macro":0.1982350487832684,"f1_weighted":0.3551282003905597}