{"precision_weighted":0.7205201092024762,"f1_macro":0.2913763426845708,"fold":3,"confusion_matrix_table":{"artifact_path":"wandb-client-artifact://gv4soaw8vo7lww0efzja63pzft9vd7wptxu2bulbunh8mba64ldgad2rglrwyf3anxc7sfwzpw2005oh47nj54yg7zjbx5uz5f4yctcadovai84nxn6jxmwe1p797vpg/confusion_matrix_table.table.json","_latest_artifact_path":"wandb-client-artifact://wxxkljdzf6kv04vg55xqrc6oorj7mcyo9oe1kysx0x59egibhf6wm80lsawlco0lhamrqlwtzumqfmmi1qynohp5g5bl4n6bl9n1kawnhdfbqqonzputlr9sbqu5u9bn:latest/confusion_matrix_table.table.json","path":"media/table/confusion_matrix_table_0_1d18625292a3f48addaf.table.json","ncols":3,"nrows":81,"_type":"table-file","sha256":"1d18625292a3f48addafc1d4365b2515c7cd2100a084dd9179062d7efab7cd90","size":1526},"recall_macro":0.5059968975984513,"precision_macro":0.36995589404296103,"_step":0,"roc_auc_ovr":0.8606966362799605,"_timestamp":1.7488011237167091e+09,"loss":1.3157899856567383,"accuracy":0.32063923835430125,"f1_weighted":0.3776599739166358,"_wandb":{"runtime":33},"roc_auc_ovo":0.8892587131507893,"_runtime":33.155893349,"recall_weighted":0.32063923835430125}