{"f1_weighted":0.5286770341906102,"loss":1.327745196223259,"precision_macro":0.35476284338014746,"recall_weighted":0.49333514689880303,"accuracy":0.49333514689880303,"confusion_matrix_table":{"nrows":81,"_type":"table-file","sha256":"204e7b21028d938c9825ede2577ea42a227e7e6afd6cb9c31dd2744bb94ef342","size":1523,"artifact_path":"wandb-client-artifact://uis5oom626okmudxt4fpm6faj6xewt04nwz42478qi9gq16583z8plt9hqncpsagm27s82zt80mjgzfjytzvd3xi1ubfra2puz4uykvulbw3fd85p0jmmhxq1fwod6ke/confusion_matrix_table.table.json","_latest_artifact_path":"wandb-client-artifact://uj5fcwm23jwos8pt80dfc6g8eb2jmg2jj4d76v1va6i0axbwstum7thpuv0ebsg0c9nzpnpfjwr6wtet2uxr3afihkz9e05blrx1x8glwkhisccsm0ymgvw8htapc0p4:latest/confusion_matrix_table.table.json","path":"media/table/confusion_matrix_table_0_204e7b21028d938c9825.table.json","ncols":3},"roc_auc_ovo":0.8820581239216218,"roc_auc_ovr":0.8603254257771904,"fold":5,"recall_macro":0.5634365664861347,"_timestamp":1.7487999128450117e+09,"_wandb":{"runtime":32},"f1_macro":0.3703274529388524,"precision_weighted":0.6757494119348211,"_step":0,"_runtime":32.017430544}