{"roc_auc":0.9996808291881218,"false_negatives":22,"f1":0.9978252004893299,"_runtime":82.903838723,"true_positives":14682,"_timestamp":1.7475715667317107e+09,"precision":0.9971475142624286,"fold":1,"recall":0.9985038084874864,"_step":0,"accuracy":0.9998216619434948,"specificity":0.9998779655107288,"true_negatives":344123,"_wandb":{"runtime":82},"f2":0.998232254555344,"false_positives":42,"loss":0.004097894238333942}