{"_step":0,"recall":0.9972116430903155,"false_negatives":41,"fold":1,"loss":0.003945679851070357,"precision":0.9973472996871174,"true_negatives":344126,"_runtime":93.637736739,"f2":0.9972387714573302,"false_positives":39,"roc_auc":0.9996867370818969,"_timestamp":1.7474819122964833e+09,"specificity":0.9998866822599625,"accuracy":0.9997770774293684,"_wandb":{"runtime":93},"f1":0.997279466775488,"true_positives":14663}