{"_timestamp":1.7474800459967728e+09,"precision":0.9975419909873003,"_runtime":87.012638807,"fold":4,"accuracy":0.9996349642905907,"_wandb":{"runtime":87},"true_negatives":344128,"loss":0.0038241389304554713,"f1":0.9955367789853838,"true_positives":14610,"specificity":0.9998953987052684,"false_positives":36,"f2":0.99433751667438,"false_negatives":95,"recall":0.9935396123767426,"roc_auc":0.9996107467660272,"_step":0}