{"specificity":0.9998692487614952,"accuracy":0.9997882235579,"precision":0.996942519364044,"true_positives":14673,"_wandb":{"runtime":82},"f1":0.9974168989191762,"_timestamp":1.7474829066324236e+09,"false_positives":45,"true_negatives":344120,"f2":0.9977017434112111,"fold":1,"roc_auc":0.9996916060676858,"_step":0,"_runtime":82.670635231,"loss":0.003942149792823734,"false_negatives":31,"recall":0.9978917301414582}