{"roc_auc_ovo":0.6963018215623236,"loss":2.127929013350914,"recall_weighted":0.42695865070729055,"confusion_matrix_table":{"artifact_path":"wandb-client-artifact://zj92065961s9bxxni8pd5ibwbbyyfxhizqobkli7646l5nld209qdzwj3hwmwfs4j8pw3dxbujq4wq04w495age2wx5n5kbhu07mdkpm7klz4k3kuvqrjvxxn8f7ws2z/confusion_matrix_table.table.json","_latest_artifact_path":"wandb-client-artifact://ts7p4lt6xb9o2xo8h9r8f8cowu3g18jt50m03jtnd0ojsysuwpmzkhp4eggn4vrgttal1di980mdsg4hwr29yo5cyrnvh3set7et5ham050pc0ggkqgzy7zfcjfdqshy:latest/confusion_matrix_table.table.json","path":"media/table/confusion_matrix_table_0_f3561fc1c64a319c8e86.table.json","ncols":3,"nrows":81,"_type":"table-file","sha256":"f3561fc1c64a319c8e86e08e4bcec8e7901e7bfc12ce223ce79d569fa153b7e6","size":1487},"_timestamp":1.7482823906051595e+09,"f1_weighted":0.37139457267502846,"roc_auc_ovr":0.6915781443551725,"_step":0,"_wandb":{"runtime":4},"_runtime":4.891321637,"recall_macro":0.16818611173124948,"precision_macro":0.2131376190692563,"fold":4,"precision_weighted":0.45755830910309475,"accuracy":0.42695865070729055,"f1_macro":0.13483332881692478}