{"roc_auc_ovr":0.6863426844928412,"_runtime":49.142685765,"recall_macro":0.16545183025939808,"fold":2,"_step":0,"_timestamp":1.7482849531830685e+09,"loss":3.3073403282657914,"f1_weighted":0.2710602780701653,"accuracy":0.18905134308058483,"precision_weighted":0.5356463842034483,"roc_auc_ovo":0.7038918285924949,"precision_macro":0.22262934257569628,"recall_weighted":0.18905134308058483,"_wandb":{"runtime":49},"confusion_matrix_table":{"ncols":3,"nrows":81,"_type":"table-file","sha256":"d46381adbd2f24bfe003d2be267afef5c69a1009f42213afca12f158f07efbd4","size":1480,"artifact_path":"wandb-client-artifact://8bk021vbz2wz6jaddmrrqnqitvxg77l4kgt3bp9ffn0h0zzfljjth3fdtvw32wee2mk8zlztax1a2pitablt9cr241ddknnxuzech90ppu5cy17q8uwizq57r2o4z02n/confusion_matrix_table.table.json","_latest_artifact_path":"wandb-client-artifact://rfpy6ul07u0lyeykkdhb5yiphrpycm0gq38f7fs1flj20mbag5v888m3s9htx4seur2o9qc1q9wp9mp0o6sd8j22ip66pr4ns4wv86coio976vand16onncpwsyg23p4:latest/confusion_matrix_table.table.json","path":"media/table/confusion_matrix_table_0_d46381adbd2f24bfe003.table.json"},"f1_macro":0.08047547440437718}