{"test_confusion_matrix_table":{"ncols":3,"nrows":81,"_type":"table-file","sha256":"6ddfc24860ec33bd8d0fe2503193078a3f7c44b2a1228886902e9236df02039d","size":1529,"artifact_path":"wandb-client-artifact://v0xhhvr8aqf9p4cr7ujt9pmophqjk98zyq67n3klzh9w82o2k3mhgvpxwvh3rk0epi8twiy3dwrhjskrk5lqb7a8l0ievu103mt3h28p3xtrr7gokuvnte3eeaatgbi5/test_confusion_matrix_table.table.json","_latest_artifact_path":"wandb-client-artifact://z5vtesbgzft0f3tp21nwvyh46yydc2ecq25ql1ij080wo1beev8c2utz65pa2yqzrw2s0qedzj46mlut3d6nzb79s18hnfna2qmvkki4tuvttqlzlv422zud9ylpivz4:latest/test_confusion_matrix_table.table.json","path":"media/table/test_confusion_matrix_table_100_6ddfc24860ec33bd8d0f.table.json"},"test_precision_macro":0.33292554407887837,"_wandb":{"runtime":101},"epoch":99,"test_recall_macro":0.5501253606380576,"_step":100,"test_f1_weighted":0.49194754068992785,"test_loss":1.3485659015261464,"test_f1_macro":0.3394735379476185,"test_roc_auc_ovr":0.8401570302415454,"test_recall_weighted":0.4636309232359502,"test_accuracy":0.4636309232359502,"_runtime":101.424582988,"test_roc_auc_ovo":0.8714511924785212,"train_loss":1.3079667374867787,"test_precision_weighted":0.642621379934398,"_timestamp":1.7490400197832325e+09,"test_confusion_matrix_image":{"width":1000,"height":800,"_type":"image-file","sha256":"c87bc36fbe9e3bfbf242241153d7ece3683ffae16635b76b6a3af2736b039925","size":54633,"path":"media/images/test_confusion_matrix_image_100_c87bc36fbe9e3bfbf242.png","format":"png"}}