{"_runtime":1.116012584,"avg_roc_auc_ovo":0.7291976349175113,"avg_precision_weighted":0.4797527477062773,"avg_recall_weighted":0.4201411861643146,"avg_accuracy":0.4201411861643146,"avg_roc_auc_ovr":0.7274060749311552,"_step":0,"avg_precision_macro":0.2168125213250572,"avg_confusion_matrix_image":{"width":1000,"height":800,"_type":"image-file","sha256":"93d5c364bc571ffc8421b44f34c708492a6dc328ba65c84b14a84e5968bcee07","size":66494,"path":"media/images/avg_confusion_matrix_image_0_93d5c364bc571ffc8421.png","format":"png"},"_wandb":{"runtime":1},"avg_loss":2.042720415674407,"avg_confusion_matrix":{"sha256":"e7ec47a7ca0ef758751e60f767913f01619dc5e99ee137cde381929dccd33adb","size":607,"artifact_path":"wandb-client-artifact://m0i985ckj2n129wcczq134a3mipmo649s15h838d0w5g0ng62k583kjjemywehoxjyg9seo4oxmi4oca1eym5wrv9jx7fci2uucje8aqq7jwgq28hiqpfo81myms1zkb/avg_confusion_matrix.table.json","_latest_artifact_path":"wandb-client-artifact://4jluqoky9izdsmnq7zfufzb89pj29vmp2yt4hx1s0y7ioedcelec243nmhaapx4v6ut0hv4rnmaoy0imf8wcbzox125cfl1bbf9vt72pdv1zm3az8tymqgkwhbz8xa5m:latest/avg_confusion_matrix.table.json","path":"media/table/avg_confusion_matrix_0_e7ec47a7ca0ef758751e.table.json","ncols":9,"nrows":9,"_type":"table-file"},"avg_recall_macro":0.25685966469444577,"_timestamp":1.7482824590200467e+09,"avg_f1_macro":0.17002357307346774,"avg_f1_weighted":0.39139549815255703}