{"roc_auc_ovr":0.7303293536852391,"confusion_matrix_table":{"ncols":3,"nrows":81,"_type":"table-file","sha256":"b55ecac774002c4729d88b14cfc34c3947a37ffec28af35173fa495b8fce0e29","size":1526,"artifact_path":"wandb-client-artifact://k6jhfgogecy5grnjkvh9j8x6ou4e4ztw9o12zlax0vtuo5acbporxnw2qzvf1jq3igfvgx1a4qzeety0hm060kt0gfe37h3tas7zr1pdvcy514tyh5bk8nr975j6opiv/confusion_matrix_table.table.json","_latest_artifact_path":"wandb-client-artifact://61ths05ys5r4yosxo2ofrfobwu6q7fpuygjx947d1ea8wia1pbswvaje8i84bavyj5kiulvzj4uhu9ja3xczsz80j45g019djvkgsh0n7w5lviqfowiawfindxv8xhst:latest/confusion_matrix_table.table.json","path":"media/table/confusion_matrix_table_0_b55ecac774002c4729d8.table.json"},"_wandb":{"runtime":43},"fold":5,"precision_weighted":0.6274185159156628,"loss":1.899417650440465,"_timestamp":1.7483643900324166e+09,"f1_macro":0.31473704678265074,"f1_weighted":0.5003556389887313,"roc_auc_ovo":0.7640226517374037,"_step":0,"recall_weighted":0.47368063112078346,"accuracy":0.47368063112078346,"recall_macro":0.4843994631911693,"_runtime":43.142090771,"precision_macro":0.3127240852281002}