{"loss":1.521438460116801,"roc_auc_ovr":0.7943647456400307,"recall_weighted":0.4476708602516151,"confusion_matrix_table":{"_latest_artifact_path":"wandb-client-artifact://e72ld1lzw8jbvhrv0ii2ow1dhgjsu441oobjbbnfq0mlj7qi2uajevy8myj429zkhctt3f9pxda4u7rbk1f20lw55qobg06pn2l24qas9xyl3pkkrmpstm8bnvg3a4xm:latest/confusion_matrix_table.table.json","path":"media/table/confusion_matrix_table_0_bfc1c4f546372ae53813.table.json","ncols":3,"nrows":81,"_type":"table-file","sha256":"bfc1c4f546372ae5381355aa29ae8fc59a5204d2dac2ff41554d64310ebaf086","size":1521,"artifact_path":"wandb-client-artifact://tvcc998v25mf6315przgmi4s83hri4d6q57u7k9zxgpyryea8s6nkw5aa3kxd9l8cj5mjhu6i949z0imj9cg8o200xcdk0h7mlex0h4r7xpwm3it28xvky9bzj8ihtmo/confusion_matrix_table.table.json"},"f1_macro":0.2892644244551891,"_runtime":49.297763242,"f1_weighted":0.4677823754491912,"_step":0,"fold":1,"precision_macro":0.28867068689203584,"precision_weighted":0.5898612085338648,"_wandb":{"runtime":49},"roc_auc_ovo":0.8224649457015233,"_timestamp":1.748284560583141e+09,"recall_macro":0.4868985497702643,"accuracy":0.4476708602516151}