{"precision_macro":0.3730396904556469,"accuracy":0.5032301938116287,"_step":0,"precision_weighted":0.6834080430130955,"fold":1,"recall_macro":0.5905792809320077,"recall_weighted":0.5032301938116287,"roc_auc_ovo":0.8956314563751518,"loss":1.2239255875349044,"confusion_matrix_table":{"ncols":3,"nrows":81,"_type":"table-file","sha256":"6d2b75d0c520e81b9062a0fe5d175b3a944dadc6926fa90ae2b74f4faee27b53","size":1521,"artifact_path":"wandb-client-artifact://auvdmlcdnppwbgwdvlno7re8p1fdyau00rtnd2e0dbaods8y3u4y6i0z47u3tnbo4p2c2vwdpru7j7ekdg5xos8d08jgt2osdowew1db0nme3fcgf7ut7p2rlp5v8o3b/confusion_matrix_table.table.json","_latest_artifact_path":"wandb-client-artifact://3nfgyoyprldz887wx7s9em0oc1fg2ucqjmghacoayj16zefg8zvhz9krvrd3pnc2w4zla41f9yb90xt6bduk2mmcw7loi1wblw5545jonm5g089ndpvouq4kbbkwa4y9:latest/confusion_matrix_table.table.json","path":"media/table/confusion_matrix_table_0_6d2b75d0c520e81b9062.table.json"},"f1_macro":0.3589732030303841,"roc_auc_ovr":0.8662303840958305,"_wandb":{"runtime":38},"_runtime":38.852664566,"_timestamp":1.748799957684214e+09,"f1_weighted":0.5457713016797936}