{"f1_weighted":0.5224342869867209,"_timestamp":1.748282821709868e+09,"confusion_matrix_table":{"_latest_artifact_path":"wandb-client-artifact://r3rdtsxh1pqz8wlky8ex2j1ph4mhj1yj8mj5hffju22jdz4z3p4hocpei819kvvr10gyhk353gukhe5kkb7ne2x12lloethgm5q94rrdsdqzd4d4vqp0xsyzb91ntxs6:latest/confusion_matrix_table.table.json","path":"media/table/confusion_matrix_table_0_2a6a29e3768fd1ab4cab.table.json","ncols":3,"nrows":81,"_type":"table-file","sha256":"2a6a29e3768fd1ab4cab345510c30ef14d02724ca1c7a615cd5e8c77e1ebd9aa","size":1525,"artifact_path":"wandb-client-artifact://n3cl2k7z4a4sl8aqlg5aolbcx9y8j91bnowxbf6f3j6bcss7lrmdre1ywsh987gpt1t5mkome60f1szcmmmamp3c726cb42nrrcdt1wyj93h7jalurs2zf7gpgd9pjcg/confusion_matrix_table.table.json"},"_wandb":{"runtime":20},"f1_macro":0.34279390196430665,"fold":4,"loss":1.2408581519949025,"accuracy":0.4951713819368879,"precision_macro":0.33120808202241503,"precision_weighted":0.6476318260485475,"recall_weighted":0.4951713819368879,"recall_macro":0.5499576041860641,"roc_auc_ovr":0.8464678625494734,"roc_auc_ovo":0.8788437058358408,"_runtime":20.384165765,"_step":0}