{"_wandb":{"runtime":49},"roc_auc_ovo":0.8905848154833202,"roc_auc_ovr":0.8650237394869018,"precision_macro":0.36854100577565385,"accuracy":0.544885745375408,"f1_weighted":0.5626060251860223,"loss":1.2469678044319152,"_runtime":49.325911952,"f1_macro":0.3722760736272331,"fold":5,"recall_macro":0.5830832796724906,"recall_weighted":0.544885745375408,"_timestamp":1.748799355168524e+09,"_step":0,"precision_weighted":0.6706660219290168,"confusion_matrix_table":{"artifact_path":"wandb-client-artifact://ytacw7xrpw3547nz9zi2svuszm4z9n72nq4nckt8l8rlk1p11lh568w76howb4gr5zxn6yz647tp6tz32m71ucd7am52iu44rb6ob52og578shyuzl6n2z9m68ic9ar8/confusion_matrix_table.table.json","_latest_artifact_path":"wandb-client-artifact://us6onvnpfzrdftrcvjdrsyhqd1srqgpprv1kz3rud0dnb05m1uu0hkoljmi0sxikzpym0hfnds6nv8cebcaiqxiblk0poi6t5geayvney9m9483t9rnwr950itxtjx7w:latest/confusion_matrix_table.table.json","path":"media/table/confusion_matrix_table_0_8e4a195bc8508c2580b0.table.json","ncols":3,"nrows":81,"_type":"table-file","sha256":"8e4a195bc8508c2580b04cc547f8fe75ef3787fb639ced382eeee53adff18d19","size":1525}}