{"roc_auc_ovo":0.8489553363278532,"f1_macro":0.3316432913067642,"fold":1,"precision_macro":0.32325067890519643,"f1_weighted":0.4819298994594462,"_timestamp":1.748287539894854e+09,"recall_macro":0.5047319512955893,"recall_weighted":0.4561033662019721,"accuracy":0.4561033662019721,"_wandb":{"runtime":45},"roc_auc_ovr":0.8209370064095636,"_runtime":45.066085989,"loss":1.4427215205586474,"_step":0,"confusion_matrix_table":{"ncols":3,"nrows":81,"_type":"table-file","sha256":"22d37897f2d6355039eaa3fddb3f70469fe34e7aaeec78fea0c70e68be3b3621","size":1526,"artifact_path":"wandb-client-artifact://kkd5k9twq6is5jx0x0gi6kbu1q1vko5b8hmg6bwzr1mfsfvx6rmhwaqpgb5844v63x2ihu7m94yk4mlwx2cwnlcp3qfl4spsqm4039bdjhyci2sgm1alr7q8qux109kv/confusion_matrix_table.table.json","_latest_artifact_path":"wandb-client-artifact://akeri8icl6tlkk7kxebzdcj5r1cadszjqfqaid3ss765c2kyliexeu7dff0d789mwo3ziykfl3qwco0834he7c1r9f3cq6dwc9bnr705075imphm9ta0p1o8jhf98jma:latest/confusion_matrix_table.table.json","path":"media/table/confusion_matrix_table_0_22d37897f2d6355039ea.table.json"},"precision_weighted":0.6145559462081266}