{"accuracy":0.46181570894253654,"f1_macro":0.3720863772924487,"precision_macro":0.37737128379515644,"recall_macro":0.5809299520492827,"fold":2,"confusion_matrix_table":{"size":1525,"artifact_path":"wandb-client-artifact://9nl76ujdhw6a0b615sz6s5gu30lk8oqcfx6u48f9g6puekez1m1rd0rfea3c8w1k41u5j014etii0g63510t9i74yywebrfa9bxm3kioz1u61ntvik4lcncvx7vm31k2/confusion_matrix_table.table.json","_latest_artifact_path":"wandb-client-artifact://dpx5vcvmbcb4rrgtcaco4lmgukgk7pqlp3e14fjeqfm7bkkwczjo2w1tzng2qps3gw1ngf2nob0mk3qir33s94wom1jchpzqtei2c39wm7k4za9xgnhbajlrfw2grpwa:latest/confusion_matrix_table.table.json","path":"media/table/confusion_matrix_table_0_dc9d106bf15d77d17d0a.table.json","ncols":3,"nrows":81,"_type":"table-file","sha256":"dc9d106bf15d77d17d0aa98d8ad5e7f5c51b475c0c2db52f6cd9217fdf7d5700"},"roc_auc_ovo":0.8926985392123932,"_timestamp":1.7488012820567296e+09,"recall_weighted":0.46181570894253654,"roc_auc_ovr":0.8659582009444593,"loss":1.202979811032613,"precision_weighted":0.6922372490940151,"_runtime":46.218842832,"_wandb":{"runtime":46},"f1_weighted":0.5179351531989688,"_step":0}