{"confusion_matrix_table":{"nrows":81,"_type":"table-file","sha256":"122bb61f662ffd46b0c6218965b5a818ea0c9a4cbb777733555957982aabb328","size":1519,"artifact_path":"wandb-client-artifact://93tbd7p67o41oa7fn8eilmfssmu713rvb29iyi0ae0kbd0iy8v9f4bktni4u896728mt9oqu6988pcioql5i8miaogfh5f4erv2t7m4146kzcwh9wcoi3iqqlerf0n4y/confusion_matrix_table.table.json","_latest_artifact_path":"wandb-client-artifact://5mg5pzl1o2kt0xpiih730ot9mwfxay7ptyqbclas7l52ndiuf7zu3hl08lsh6mbi1ebhsnfm9yit83va4r2r38q7dpievb55qr2mporz22dttmq489vxnam68gkq6rcm:latest/confusion_matrix_table.table.json","path":"media/table/confusion_matrix_table_0_122bb61f662ffd46b0c6.table.json","ncols":3},"precision_weighted":0.624285845620206,"loss":1.439062731421512,"roc_auc_ovo":0.8512207250501894,"_step":0,"precision_macro":0.3253801399714731,"fold":2,"recall_macro":0.507673580394417,"_timestamp":1.748287584946962e+09,"f1_weighted":0.5173849149085231,"roc_auc_ovr":0.825029736094028,"recall_weighted":0.49384563073784427,"_runtime":43.527365484,"accuracy":0.49384563073784427,"_wandb":{"runtime":43},"f1_macro":0.3396150677691342}