{"test_false_positives":53,"test_roc_auc":0.9998065883060077,"_timestamp":1.7490306200333378e+09,"test_accuracy":0.9998261206856195,"test_f1":0.9978798586572438,"test_true_positives":18356,"test_specificity":0.999876803205906,"_wandb":{"runtime":491},"_step":30,"test_precision":0.9971209734369059,"test_loss":0.004151191321822504,"test_recall":0.9986398998966324,"test_f2":0.9983357445095885,"test_true_negatives":430153,"epoch":29,"_runtime":491.814659033,"test_false_negatives":25,"train_loss":0.003891312524016636}