{"_step":0,"recall_weighted":0.5131936887921654,"loss":1.2763927638530732,"confusion_matrix_table":{"artifact_path":"wandb-client-artifact://avo0ys9yhnykfksok4p5y41t6iorcqjaire2o0alm03mzgtwv8s2ecnd13bb3ma3baw6vj6xe5mhks2jgu1lx8nv16ht789q4g8d7tubniahqh7az0fmf0morf4vwsku/confusion_matrix_table.table.json","_latest_artifact_path":"wandb-client-artifact://o4z6ecevvn5zixxg4e3icpcj9frx0rwe64e07qet8hubcso1f2jqzubpoxbgdwolcu9a9bhbhj21ch41pey9hcdtryklxllxvwpvyc9gnneh0inpjnbfswtrm210yp58:latest/confusion_matrix_table.table.json","path":"media/table/confusion_matrix_table_0_6cd2d7b884923e10fc3c.table.json","ncols":3,"nrows":81,"_type":"table-file","sha256":"6cd2d7b884923e10fc3ce150a16c94d83a58e06e4f040ae8671058ca60b04f1c","size":1527},"accuracy":0.5131936887921654,"_timestamp":1.748799744603752e+09,"fold":5,"f1_weighted":0.5541220689577779,"roc_auc_ovr":0.8658075956079365,"recall_macro":0.5923959293784073,"precision_weighted":0.669534527265519,"f1_macro":0.3793578845748476,"_wandb":{"runtime":39},"roc_auc_ovo":0.8921023113321708,"_runtime":39.009780668,"precision_macro":0.36131008719765756}