{"_wandb":{"runtime":56},"f1_macro":0.22799141571257467,"recall_macro":0.409165265135984,"_step":0,"_timestamp":1.7482842547715414e+09,"_runtime":56.558876603,"precision_weighted":0.6078381720022221,"loss":2.1829959754062735,"precision_macro":0.29652083590750095,"f1_weighted":0.3910105740297652,"recall_weighted":0.30794341675734493,"confusion_matrix_table":{"nrows":81,"_type":"table-file","sha256":"dafb7a53f016dc60b6988dc61c0b237e3c8f56c20dc241e0f5fbe0fbc42da1f6","size":1512,"artifact_path":"wandb-client-artifact://0w18moem3kdpcqvk8q8l9min7caobeliigfxp4o1q6fqnaewpmwkwv7flphyw51bqf7s2a38oup8lw8fmhy89wpmd0cr5yopzm57hge8ovw10bdu4qcekwbq4zw53i5j/confusion_matrix_table.table.json","_latest_artifact_path":"wandb-client-artifact://466kvxztw82smqqksti7mf5k565imns2x6tmay2mu5wtlhtu2oza0tts53d9rus6aqygmx67gqqxfkzasxn58jq1jgwytcffzsqjtaz8tqlf4za7w0m8kbukjm61mgfx:latest/confusion_matrix_table.table.json","path":"media/table/confusion_matrix_table_0_dafb7a53f016dc60b698.table.json","ncols":3},"accuracy":0.30794341675734493,"roc_auc_ovo":0.7838633533510974,"fold":5,"roc_auc_ovr":0.7521251859385721}