{"precision_macro":0.3281722288400315,"recall_weighted":0.38918735124107445,"_timestamp":1.7488005562763376e+09,"fold":1,"loss":1.3041488671222248,"confusion_matrix_table":{"sha256":"a875e852b2632e5cb4cae864eb8432b97cb9b565be89fb8f64c20f80a196a61d","size":1528,"artifact_path":"wandb-client-artifact://84utso6cc7ttboeeemzxr08qedglnpeos9citewg3qxge87zl4qrmhgkupgss3smp2e5nf01mbixyjs7ot2nvrdm259iewprbo2sn6m2a3hij5z4gs91x7ux8f8odkqi/confusion_matrix_table.table.json","_latest_artifact_path":"wandb-client-artifact://7feq37xkoam661tubu11rjcmbpjjsu8o2yqt54ni05owrjltf29sf7xyzc18jiytehvn5qwt7uydlj6t2gkfaerasua3kwfw3c03u5kua9qudr7djd8fm1zgrp0tacj6:latest/confusion_matrix_table.table.json","path":"media/table/confusion_matrix_table_0_a875e852b2632e5cb4ca.table.json","ncols":3,"nrows":81,"_type":"table-file"},"f1_macro":0.31290621194781526,"_wandb":{"runtime":51},"roc_auc_ovr":0.8466531813007049,"_runtime":51.928598786,"accuracy":0.38918735124107445,"recall_macro":0.5417719068827078,"roc_auc_ovo":0.873650888110188,"_step":0,"precision_weighted":0.6564656125879386,"f1_weighted":0.43739495806445683}