{"precision_weighted":0.6625912991606928,"_timestamp":1.7487990833649502e+09,"precision_macro":0.34783900352526403,"loss":1.1485301852226257,"recall_weighted":0.4859221980413493,"f1_weighted":0.5240271038878067,"accuracy":0.4859221980413493,"_wandb":{"runtime":32},"fold":4,"_runtime":32.614473641000004,"roc_auc_ovo":0.8973540884652785,"roc_auc_ovr":0.8733202277099884,"recall_macro":0.5911584994523468,"_step":0,"confusion_matrix_table":{"ncols":3,"nrows":81,"_type":"table-file","sha256":"0580c5402cfa8ea1e2e68e5e86b0aad9dd4ffa15594f34a6fc84b7cdba2a6e92","size":1527,"artifact_path":"wandb-client-artifact://6vwyxv62h20dcwi5r3rzujk3lrhnodxahd2auyvahxd42r5ccdsiadvpf61kpbglb8eenu44qz3vcdr9ebnul2xb9nhqjjae8jvyvkyqaaeazwge252khz14mulzoi6h/confusion_matrix_table.table.json","_latest_artifact_path":"wandb-client-artifact://1vi7tv6saoz8gfxspm9s3x6fj292p2q89gbn4kce7lohfoj87z1rq23trv542x1obzl0v5ka6ui3it9ji8p84jw0fmh4ovkflas2tgap58msi9966frp8bp183wyl3o4:latest/confusion_matrix_table.table.json","path":"media/table/confusion_matrix_table_0_0580c5402cfa8ea1e2e6.table.json"},"f1_macro":0.3631814082715166}