{"accuracy":0.4992519042437432,"roc_auc_ovr":0.8670777905502853,"loss":1.2318696826696396,"fold":5,"_timestamp":1.7488001184822319e+09,"confusion_matrix_table":{"ncols":3,"nrows":81,"_type":"table-file","sha256":"906933fae3e35980ddd8e15862e39d1824fca67540554d18adc478ff4fe770ab","size":1528,"artifact_path":"wandb-client-artifact://rk74dmkyfb13s3bjxph24ec86iu2w2y9cp3sc7t9gjffpc8w3lpkqqc7ejwozzt04v0piz4532o43561lsj2l8q69qao7ow83sk49a424jueowr32wl6n48xpladyef2/confusion_matrix_table.table.json","_latest_artifact_path":"wandb-client-artifact://1xu7whrgg0tltop4x3uyqf635fw1m35elrcbxsj17s1x8g98hiikqlhao49jz26bw8ewwh2st04smplbsjoa3m9eg8zjs3254vyxk1s6xgn5t9j5iu1ypnbcc8iliaa2:latest/confusion_matrix_table.table.json","path":"media/table/confusion_matrix_table_0_906933fae3e35980ddd8.table.json"},"roc_auc_ovo":0.8908235139726143,"precision_weighted":0.687212319168072,"f1_macro":0.3848004921326926,"recall_macro":0.5896896080574536,"recall_weighted":0.4992519042437432,"_wandb":{"runtime":38},"f1_weighted":0.5373691288461007,"_step":0,"precision_macro":0.38099378064274747,"_runtime":38.456644424}