{"roc_auc_ovr":0.8580784736330211,"recall_macro":0.5635621308303042,"_runtime":33.061812379,"recall_weighted":0.5767138193688792,"_wandb":{"runtime":33},"loss":1.3032048384348551,"_timestamp":1.7487995287339656e+09,"accuracy":0.5767138193688792,"_step":0,"precision_macro":0.36936886482282527,"roc_auc_ovo":0.8837007295612177,"fold":5,"f1_weighted":0.5925402156759486,"precision_weighted":0.6596234332750374,"confusion_matrix_table":{"_latest_artifact_path":"wandb-client-artifact://k76kh9vvxerdzyats5xz9hjj7q3mam2ym17n0pk69k01i0akr9sb7yenn1p76qukvkcuhcdzq6or2fkrme9qyeezypfa0j9x44v3gscltqm5yjn0by2ia2oz6sm5tuu9:latest/confusion_matrix_table.table.json","path":"media/table/confusion_matrix_table_0_829d9964465d63069ddf.table.json","ncols":3,"nrows":81,"_type":"table-file","sha256":"829d9964465d63069ddfd35696ecd681ecf219dad35066a547ed229a96ec16ed","size":1524,"artifact_path":"wandb-client-artifact://txutoy1oy2rt7fyuafy2270jtvdydy9d2g633qlvloryww75jghfznnvdbeb5o78hg7ugyxp2clz5vx07i9qyntnahu4pfccoig37l9t5rlepbulhxy1zwe0usc547be/confusion_matrix_table.table.json"},"f1_macro":0.39627039804973463}