{"_step":0,"_wandb":{"runtime":9},"precision_macro":0.17527648744294955,"roc_auc_ovr":0.7331491186502787,"recall_macro":0.3064456732050015,"f1_macro":0.14146868081867478,"_runtime":9.281737566,"precision_weighted":0.4831857189851428,"recall_weighted":0.3087385243114587,"accuracy":0.3087385243114587,"loss":2.05492580553581,"_timestamp":1.7482824128623083e+09,"fold":1,"f1_weighted":0.25061352685783495,"confusion_matrix_table":{"ncols":3,"nrows":81,"_type":"table-file","sha256":"c0140050388335d3086a8576daa1ba443ae8f51f65db6ec5d1068a7901348707","size":1495,"artifact_path":"wandb-client-artifact://a9ic62alptx4jrwzia4dd5c3kq4clbwafp3ite2ci12vm2slf80js31avtjq9g84sf5b8t3t2218am92f5jasvabn37d0tum64zgfrnjnsg7zt8dn35v87t2kdi68dwl/confusion_matrix_table.table.json","_latest_artifact_path":"wandb-client-artifact://72qjaso5uh7f79bp9rwokf2vp95k1macmx7md5id0i46c4vbw46bchtt41u2url4bfxl1qptekfjbyhi8mir3hg17ykvcx1kxfwcz6x4g12r9vfp6fjfro898k8iafuo:latest/confusion_matrix_table.table.json","path":"media/table/confusion_matrix_table_0_c0140050388335d3086a.table.json"},"roc_auc_ovo":0.7390483426532707}