{"fold":4,"roc_auc_ovo":0.5752643079123778,"loss":1.6091320514678955,"f1_weighted":0.25072234735023174,"f1_macro":0.06596209331611752,"precision_macro":0.046912908418928416,"accuracy":0.4221300326441785,"_timestamp":1.7482803297296815e+09,"precision_weighted":0.17831627118701776,"roc_auc_ovr":0.5862039580645129,"_wandb":{"runtime":5},"confusion_matrix_table":{"size":1459,"artifact_path":"wandb-client-artifact://ozoeghjqx3t2ete8owwkcracn14t8dpcwabosnxg1um7p074iny2t8ttz8an5fp02r1gf7b55ri3eaojtldgm8u2kz0n370uww1qcosvxel0boyp38nda1w16alaaaz0/confusion_matrix_table.table.json","_latest_artifact_path":"wandb-client-artifact://5vi02arlhxzg7uw4530gg6wrj7o8k1f89h2ltnx53d8a9em7hffiqe0pf1uarr236yiui0szujtoq9rjvvhwaaf7zvjk5xxf5njwkbfzwvfop9hj7nhwah80xypp6kp2:latest/confusion_matrix_table.table.json","path":"media/table/confusion_matrix_table_0_cb0bb54bcdfd4e132330.table.json","ncols":3,"nrows":81,"_type":"table-file","sha256":"cb0bb54bcdfd4e132330319a056b2b0f52c2cc6cf67fa58d8178536b97affcbf"},"_step":0,"recall_macro":0.11105743424584004,"recall_weighted":0.4221300326441785,"_runtime":5.734359949}