{"_timestamp":1.7482794739938965e+09,"roc_auc_ovr":0.59868624669479,"_wandb":{"runtime":6},"_step":0,"f1_weighted":0.27385223393587044,"precision_macro":0.09303292370010588,"precision_weighted":0.2947419745151684,"recall_weighted":0.42754165249914994,"loss":1.6179157372178703,"accuracy":0.42754165249914994,"confusion_matrix_table":{"artifact_path":"wandb-client-artifact://nuz3eqw4rxoqley47qbf0tfoloeds3tag550oqmcwdo7td9rf1aiowad2odt72tqionedeeyqzimjy271wtocof8ygp0jzod6oxyayzmdf13fm6ml3rpezk9k6s7egt2/confusion_matrix_table.table.json","_latest_artifact_path":"wandb-client-artifact://7062wqfkm3wgcd7fms9vc7hdbqhmmtj7wu315mpa8x6wr1b8fur5h4mqn6aau12v93tu2tzumx43rflxh8fu3b4gautjqaoo0z6ikrowz5u1po3rlxrraudnbio9z2y0:latest/confusion_matrix_table.table.json","path":"media/table/confusion_matrix_table_0_54d4a479ff28eb18ab04.table.json","ncols":3,"nrows":81,"_type":"table-file","sha256":"54d4a479ff28eb18ab0436d80e534748c8b7a68f44729e3cdafe09c2dd208a5e","size":1467},"_runtime":6.472967993,"roc_auc_ovo":0.5785616443940002,"f1_macro":0.07501749457286037,"fold":1,"recall_macro":0.11411730940197266}