{"_timestamp":1.7488007187818553e+09,"f1_macro":0.34546120900209215,"_runtime":52.698663813,"recall_macro":0.5364833132125414,"f1_weighted":0.5450103833217955,"_wandb":{"runtime":52},"_step":0,"loss":1.3132942107480925,"recall_weighted":0.5349564744287268,"roc_auc_ovo":0.8829002502709489,"fold":4,"confusion_matrix_table":{"ncols":3,"nrows":81,"_type":"table-file","sha256":"0f8354698c0c22b6d70efe1b20ec9c6ce6e045791d9a3432ceea83e3d5cd3f99","size":1523,"artifact_path":"wandb-client-artifact://9frzcfkwq6tm74bnz0tgovlw0ymm06xllrw14lbxxo3ao0etra9rrjprlt5g5rffa2aw333g0ofz3sqaoininmh0zwye8mv8leihrolxhpq0zojghqtmxinca372fs88/confusion_matrix_table.table.json","_latest_artifact_path":"wandb-client-artifact://wv8x70aayv2xjsxz7vgo3u3k26o6lgb3aii3d74spcuhm6xssxrhlntc78okuyz86gyrpkxeqqy4yv068gcke7o35ku6nvczjqsb2he5yis8s7nsyxzs28janwp4x7wa:latest/confusion_matrix_table.table.json","path":"media/table/confusion_matrix_table_0_0f8354698c0c22b6d70e.table.json"},"roc_auc_ovr":0.8565503334303439,"accuracy":0.5349564744287268,"precision_weighted":0.634625563629577,"precision_macro":0.3629058950853354}