{"f1_weighted":0.46579562883870346,"recall_weighted":0.4486229173750425,"roc_auc_ovo":0.8187632585748725,"_runtime":49.036064486,"_wandb":{"runtime":49},"f1_macro":0.2839991299850684,"precision_weighted":0.5972608689026236,"recall_macro":0.47586315884627833,"precision_macro":0.2984782475585025,"loss":1.5435950105604919,"roc_auc_ovr":0.7905075440742626,"accuracy":0.4486229173750425,"_timestamp":1.7482846115704668e+09,"fold":2,"confusion_matrix_table":{"_latest_artifact_path":"wandb-client-artifact://mczr6mplcbhdrqukhd202fogxga5uu0i8zx83jlnraqax7w1nreoml8dbetzrahxc877tjtent4u39p7srj3v2895clun9i0c78692bweaers92da222rzgf4jagcb7y:latest/confusion_matrix_table.table.json","path":"media/table/confusion_matrix_table_0_ca76240635f15ce6a818.table.json","ncols":3,"nrows":81,"_type":"table-file","sha256":"ca76240635f15ce6a818efbe9835c01c17eab05e0d537e8bd82088ab36188ade","size":1524,"artifact_path":"wandb-client-artifact://d9ncr53li5yj88j13q7gxoefo93ixfgz0h9bt9fbn5oz75ob3nezq0fewtye0ne4bvg4hc6n35tl77foztpqomwz5qsv9zizejkn44y6jt0rpnxujen3k1ggqmrtefhl/confusion_matrix_table.table.json"},"_step":0}