{"test_f1_weighted":0.5166473814272022,"test_confusion_matrix_table":{"_type":"table-file","sha256":"34b2473154a970c4803c058def50d83d6d66d9ec5825f1d0fc4af94ea9e05590","size":1528,"artifact_path":"wandb-client-artifact://xce1k66k7piho53na9kt16lp3v6vjabvx3shehpqsuu61azk2aioqkwfv5pboh3lmb4ue6bee4f07gjuy0lo5raoq68b3u9s7bikd28y81krujgzio52rkymae1q1ige/test_confusion_matrix_table.table.json","_latest_artifact_path":"wandb-client-artifact://jn7i4169xr6ej1pjybh7qhazw472s2qcmg979a3yxm2b8zne8esxghy48zhbsijidpqfekc2dpie5y6dthk70m7tes7m6zhq69brmw6yvvpsmbhuqgz2id0bc1rha3jm:latest/test_confusion_matrix_table.table.json","path":"media/table/test_confusion_matrix_table_80_34b2473154a970c4803c.table.json","ncols":3,"nrows":81},"test_loss":1.2996424337228139,"test_accuracy":0.4865894129807954,"train_loss":1.18412263215416,"epoch":79,"_timestamp":1.7490405551639278e+09,"test_precision_weighted":0.6576559515986681,"test_roc_auc_ovo":0.8831304909188363,"test_recall_weighted":0.4865894129807954,"_wandb":{"runtime":38},"test_recall_macro":0.5609348640369294,"test_roc_auc_ovr":0.8508674790274439,"_step":80,"test_precision_macro":0.34893072069557607,"_runtime":38.820127915,"test_confusion_matrix_image":{"format":"png","width":1000,"height":800,"_type":"image-file","sha256":"8ec97c6a105526a1e24aaea494a3905f34dcdd92d6e5ff1e8eb779f8f1299c25","size":55733,"path":"media/images/test_confusion_matrix_image_80_8ec97c6a105526a1e24a.png"},"test_f1_macro":0.36880332930137644}