{"loss":1.9717312496283959,"roc_auc_ovo":0.7433213314593825,"_timestamp":1.7482824874611378e+09,"fold":2,"recall_macro":0.31761779875489027,"confusion_matrix_table":{"artifact_path":"wandb-client-artifact://lcja5rntb213q5ot9ligucrgmqj5o9e3pt8es2f5bb4r8k0hw8yx6ulxw29fzzt7m1b4wwdozwll16t44y73m48ftxnr5bygg1xax3avpvxhveushxh1cvvpwo18s7h1/confusion_matrix_table.table.json","_latest_artifact_path":"wandb-client-artifact://6dtxqtjohakt080absqfbom6eeu0jlothdhehsjhx2zzpaq9hcmkgusqtvwl25jcjauok8lz2h9xxdp9fadybrsufgkv3wqwobpifl8264p321z6r7ba5ym7y7pmusn3:latest/confusion_matrix_table.table.json","path":"media/table/confusion_matrix_table_0_1e799306dad494af77ab.table.json","ncols":3,"nrows":81,"_type":"table-file","sha256":"1e799306dad494af77ab6b102dee1459b51c92139a0f8071795b813cb4169fd5","size":1515},"precision_weighted":0.5585832572791412,"_step":0,"f1_weighted":0.40728394043054006,"roc_auc_ovr":0.7393728901162347,"f1_macro":0.2221415616120136,"accuracy":0.38823529411764707,"_wandb":{"runtime":12},"precision_macro":0.34197941025476225,"_runtime":12.399048973,"recall_weighted":0.38823529411764707}