{"recall_weighted":0.3096436343852013,"_step":0,"fold":5,"accuracy":0.3096436343852013,"loss":2.1308105855152526,"f1_macro":0.14802489169043911,"_runtime":4.696842384,"precision_weighted":0.40965285469709123,"roc_auc_ovo":0.7058890708813713,"roc_auc_ovr":0.7024571870875336,"confusion_matrix_table":{"sha256":"f85570f72ffeea7320875c0e372949dc748171065462be3acaa0073180d2efd6","size":1493,"artifact_path":"wandb-client-artifact://7hzii1reeu0e39ur4uyig5tjiq6goinvjm4il2qyumh7di6r3lqqb55jn77zibvjpq11zbl487om79u5rnv7h6i3iz569yad55um4bf5j8w17tbldyol8ef05k9fyd2h/confusion_matrix_table.table.json","_latest_artifact_path":"wandb-client-artifact://dst8yfumfkd4xuauy2sk19wrar9uf0j2zkpe56wpml4cn5rvbor1zh9o2htyh002hkg8cazkh8fh8ttu8365yzx6l1ncjz79lwzbzbufatdy1ncf9eicrnagfl1g6y8e:latest/confusion_matrix_table.table.json","path":"media/table/confusion_matrix_table_0_f85570f72ffeea732087.table.json","ncols":3,"nrows":81,"_type":"table-file"},"_timestamp":1.748282397175672e+09,"recall_macro":0.27252624260990355,"precision_macro":0.18637386125848104,"f1_weighted":0.3032029965844947,"_wandb":{"runtime":4}}