{"recall_macro":0.6074772299653607,"accuracy":0.5178510710642639,"_wandb":{"runtime":40},"confusion_matrix_table":{"ncols":3,"nrows":81,"_type":"table-file","sha256":"171c9b1dc608b91c371d201ca07475990febeadf08a6a1cd4803f1667cd8ff3f","size":1521,"artifact_path":"wandb-client-artifact://mybt1pvha8uuysu2986xu5zjm920lyco54pans0inabozc2o8jzhf4t1yrph7c5q0mwzl8lo4p1vkoieqr3nw98t1yp59nbxezmga72j6vx09y6ea33e9exmn2hlyc36/confusion_matrix_table.table.json","_latest_artifact_path":"wandb-client-artifact://cblhxrr2gr3gowo33z2rtpy02a2iwt0mvf2nhjckcqugvwl7yd6ypu29etcftp317zw06ydean2miiivpa7lsde5cq40evlj549n9kpa1bjhurxj9pgp63m09qml410r:latest/confusion_matrix_table.table.json","path":"media/table/confusion_matrix_table_0_171c9b1dc608b91c371d.table.json"},"f1_macro":0.3870650324537554,"_timestamp":1.7487995742229867e+09,"recall_weighted":0.5178510710642639,"f1_weighted":0.5495106759286127,"precision_macro":0.37415513132066813,"_runtime":40.352312234,"loss":1.1403725743293762,"precision_weighted":0.680064149008131,"fold":1,"roc_auc_ovo":0.8983623466210031,"roc_auc_ovr":0.8742077491177924,"_step":0}