{"_step":100,"epoch":99,"test_precision_weighted":0.6371540411250988,"test_precision_macro":0.3419732021744356,"test_f1_weighted":0.5027336984700116,"test_roc_auc_ovo":0.8736260830802315,"test_recall_weighted":0.4717915238561558,"train_loss":1.31023109013667,"test_recall_macro":0.5390680325659863,"test_loss":1.3438001034988298,"_timestamp":1.7490386179610374e+09,"test_f1_macro":0.35703911857799736,"test_roc_auc_ovr":0.8457988641133314,"test_accuracy":0.4717915238561558,"test_confusion_matrix_image":{"sha256":"3bd3da4e3d6025b8a28cdc6ef659988ab62a50446e7840b852da6f54d3425aee","size":54908,"path":"media/images/test_confusion_matrix_image_100_3bd3da4e3d6025b8a28c.png","format":"png","width":1000,"height":800,"_type":"image-file"},"_wandb":{"runtime":122},"_runtime":122.339381448,"test_confusion_matrix_table":{"artifact_path":"wandb-client-artifact://33j5t9ci3qzzijlnxv8s8fmwri9mlodrw38uuo19xb1xduajh47c8mirak6qn0l50l2pc99ornnwsmcgbwj7jqpgwvb2bsiy4y7zvwmc3u4awt1a7ould43dvbejicnh/test_confusion_matrix_table.table.json","_latest_artifact_path":"wandb-client-artifact://e9iyh6en5ugwvapz0lu8xnw6fwa5t0c26ggiyg9g6gjs4cirneay96au4gai52pgmptlwub3sohcjphgzokzalbto4jdsxq716lpmu9ds26m8hprtnbu4bfj6my9mrod:latest/test_confusion_matrix_table.table.json","path":"media/table/test_confusion_matrix_table_100_516c1302234becab4f9e.table.json","ncols":3,"nrows":81,"_type":"table-file","sha256":"516c1302234becab4f9ee4faa346eb6a0c609e491a768039a435a5de644150c2","size":1530}}