{"test_f2":0.9979655558819369,"_runtime":500.236776272,"test_precision":0.99744468004132,"test_accuracy":0.9998172037977026,"test_true_negatives":430159,"test_f1":0.997770163702616,"test_roc_auc":0.9998677212024821,"test_false_negatives":35,"_timestamp":1.7490319164034548e+09,"test_specificity":0.9998907500127846,"test_loss":0.004023065050649974,"_step":30,"test_recall":0.9980958598552854,"test_false_positives":47,"_wandb":{"runtime":500},"test_true_positives":18346,"train_loss":0.003806981388738172,"epoch":29}