{"test_recall_weighted":0.4616179750829661,"test_confusion_matrix_image":{"size":55521,"path":"media/images/test_confusion_matrix_image_50_2f60a777382228b2fd1e.png","format":"png","width":1000,"height":800,"_type":"image-file","sha256":"2f60a777382228b2fd1e6b9be44925233967fc7b5fc91b7ce91667ca7f09ffaf"},"epoch":49,"test_f1_weighted":0.5010652279025006,"_step":50,"test_loss":1.336084876726899,"_wandb":{"runtime":49},"train_loss":1.2761265385711162,"test_confusion_matrix_table":{"_latest_artifact_path":"wandb-client-artifact://ovvb0ob6nul895og7aomh3gsiha2vawjavxc02ef31hs9nxp2eh472z7otviunjkb5voxsn6vw0mhx0q9zbi1ecq9ca3r5uoh19r1cle1ao62q8v4kxgdqjkq0baskcb:latest/test_confusion_matrix_table.table.json","path":"media/table/test_confusion_matrix_table_50_3d4385e704d76d7525e3.table.json","ncols":3,"nrows":81,"_type":"table-file","sha256":"3d4385e704d76d7525e3bcae0380b78faa96303f617c8ccc4337257402da7036","size":1536,"artifact_path":"wandb-client-artifact://81qcc1ppl2ikciak68wtu8y25hw5hkhjm14q4m27f8sp8pdgqck4u68errftz3xtqjr4gldmow3e2o3usywxjeoq5yh3p6ue9c605ug0mtocwmtxqfwshrl7gk85bc7u/test_confusion_matrix_table.table.json"},"test_f1_macro":0.32578408696552535,"_runtime":49.226809752,"test_precision_weighted":0.6486459527692687,"test_roc_auc_ovr":0.848678981898501,"test_precision_macro":0.326530840748396,"test_accuracy":0.4616179750829661,"_timestamp":1.7490405132806838e+09,"test_recall_macro":0.5553758051405007,"test_roc_auc_ovo":0.8779072194094284}