{"avg_accuracy":0.4973425389201263,"avg_precision_weighted":0.6693258505203791,"avg_recall_macro":0.5567478258923155,"avg_confusion_matrix":{"ncols":9,"nrows":9,"_type":"table-file","sha256":"59fa420f55b0f57cf15d2b90f159b544cc2ce1c9a805ccbd59e24670c00e2210","size":623,"artifact_path":"wandb-client-artifact://nrayvm9vucwubzo2jjli5j10jhvgbyis6igts4vddpmxfppgudz7hv1d2hb9djkx97obb5adozyzb4dbzu0282mtew9ybapnjslrw1m3l9d9io30521rpgw2rygxrvft/avg_confusion_matrix.table.json","_latest_artifact_path":"wandb-client-artifact://swqw3aj2gij0hl38l046xk83ap7nj0ki2qjjjicueyr5zy7tevxihzo1wl95ioqvinosau4jynw8fn1vllp3uoc1e87qa1c9j0ssdvolxvq2jb1no3webpymuegk9bcm:latest/avg_confusion_matrix.table.json","path":"media/table/avg_confusion_matrix_0_59fa420f55b0f57cf15d.table.json"},"avg_precision_macro":0.3758579296719577,"_step":0,"avg_loss":1.267602070967356,"_runtime":1.281476413,"avg_f1_weighted":0.5172093590685535,"avg_recall_weighted":0.4973425389201263,"avg_f1_macro":0.3658439750479262,"avg_confusion_matrix_image":{"width":1000,"height":800,"_type":"image-file","sha256":"1cb52b3d165344b56aa1cf851db148d0e3e41c9a257df7a732dfc0f20814ecfb","size":68623,"path":"media/images/avg_confusion_matrix_image_0_1cb52b3d165344b56aa1.png","format":"png"},"avg_roc_auc_ovo":0.8858587441628367,"avg_roc_auc_ovr":0.8611950432726442,"_wandb":{"runtime":1},"_timestamp":1.7487995320487282e+09}