{"accuracy":0.3147908874532472,"_timestamp":1.7482823770310633e+09,"f1_macro":0.12114383138538895,"precision_macro":0.16924342389844893,"_runtime":4.73277512,"f1_weighted":0.2207757967667406,"_step":0,"roc_auc_ovo":0.7333930910706503,"recall_weighted":0.3147908874532472,"loss":2.140761585071169,"roc_auc_ovr":0.7240426507997102,"precision_weighted":0.4926030356303381,"fold":2,"recall_macro":0.26432227179134027,"_wandb":{"runtime":4},"confusion_matrix_table":{"nrows":81,"_type":"table-file","sha256":"374f567ad3d7edc654e1fb63520aa7b29f93a4cf9a2e8248ce7341971c4a3edb","size":1485,"artifact_path":"wandb-client-artifact://scyvavtkqm5s3hy54cpdd3yhvlqqpty0r0q24fu2l0s1p5yg1s9onf7ta1mxybv16jjorsmj46023s5jo1ccwh59dyf5umgsw8sqw1y9b8oypryc1ddnygr8genqc4b9/confusion_matrix_table.table.json","_latest_artifact_path":"wandb-client-artifact://4j99pp80ympr9v63vqag2s6wr4qjyjk7wrx3dob04t2l9gflbjbzvt4udezlzgnee6uwdhjb6hg10otet7lzq4mnigqtgkog24rgaamdp4mewhggnv1papf1ikmz2wd1:latest/confusion_matrix_table.table.json","path":"media/table/confusion_matrix_table_0_374f567ad3d7edc654e1.table.json","ncols":3}}