{"_step":0,"roc_auc_ovo":0.78305575392067,"precision_macro":0.3096023021337861,"f1_macro":0.21581120611340798,"recall_weighted":0.28636518191091465,"f1_weighted":0.36596070866460767,"_runtime":59.586806198,"confusion_matrix_table":{"nrows":81,"_type":"table-file","sha256":"1e4c9394cece710227175efbe63b1d702b9bda10350ce6ae650e9fc129144ecc","size":1514,"artifact_path":"wandb-client-artifact://36osjjn6owttc23tog83t87oouempvy13e1660l7pq1xrw33vkd2njjaqdhosilnpmbp08adtk1ygxkqbdo9yaw4j93rw94bkziskub60xx2ldyforpa4hf9jecxj4rg/confusion_matrix_table.table.json","_latest_artifact_path":"wandb-client-artifact://sjgr8mmlkbu0jmuvxsq6zgac3t6umk6c2i8v7467kvn8tiv3rzj787knbymp3dtzjt7rh31ulk625ihbaz3zghguem979tmvn7agk0uc8sek2hoawnszuxr9ca9jocj4:latest/confusion_matrix_table.table.json","path":"media/table/confusion_matrix_table_0_1e4c9394cece71022717.table.json","ncols":3},"roc_auc_ovr":0.749781182108369,"_timestamp":1.7482840146430483e+09,"loss":2.278965958110664,"recall_macro":0.40686738294916,"fold":1,"precision_weighted":0.6079304355124134,"_wandb":{"runtime":59},"accuracy":0.28636518191091465}