{"recall_weighted":0.46184711643090315,"confusion_matrix_table":{"sha256":"a83ca679dd16f6dce02660cbbec788858772ced66203d705d6561102ddf9b0c6","size":1521,"artifact_path":"wandb-client-artifact://883wi2qjt9wvq1hvr7rjsmsihlrblc0yooo82nwuhsft9m0ca1pe7qr3jyr53eouvs0satg599i1dxnoka6p8gavk19m6p265qslg2qvqi61quhg7skvb15i4e5kpimg/confusion_matrix_table.table.json","_latest_artifact_path":"wandb-client-artifact://cm31jyaltks71j9kkgobx8u1g7rkq4vzuf18tcyf0wbiiemj5xdjcwyn7othogtipqh5b9o1d8wvtvd0qxbsv36kcx9gumk8pbnd1nzaekc78poccsqcw107o37r3cds:latest/confusion_matrix_table.table.json","path":"media/table/confusion_matrix_table_0_a83ca679dd16f6dce026.table.json","ncols":3,"nrows":81,"_type":"table-file"},"loss":1.548801441166712,"roc_auc_ovr":0.7814726691979366,"f1_weighted":0.4783665515694792,"precision_macro":0.28831527826477255,"_runtime":48.062226567,"_timestamp":1.7482847562348404e+09,"f1_macro":0.2890079321581024,"_step":0,"fold":5,"precision_weighted":0.5912302279744741,"accuracy":0.46184711643090315,"roc_auc_ovo":0.8103057745700534,"_wandb":{"runtime":48},"recall_macro":0.46251305141183136}