{"test_precision_weighted":0.6630889676398493,"test_recall_macro":0.5743543587660587,"test_confusion_matrix_table":{"artifact_path":"wandb-client-artifact://1nxk94oo7qi8vob3neci34wf36kluqjuflbolxufcwz1zdd328kp20tw16ziorpcgp80v7vrpxnv9i89s1hbq0qaaawnk5n87vg9ius262n2z3xgiodzwmj86wkm1jzi/test_confusion_matrix_table.table.json","_latest_artifact_path":"wandb-client-artifact://n1b9e0ffmsuzhtr1qd5ldqj1lbh9xmjol79k4icrcuq9vc969ahdv95e5b1p228u4vnphbiuc0lnb70gdzyv3kzj764tq9k0lk5bgs19pi2d001f01fq08nhv6za2yhi:latest/test_confusion_matrix_table.table.json","path":"media/table/test_confusion_matrix_table_80_4909242f3faa362c3868.table.json","ncols":3,"nrows":81,"_type":"table-file","sha256":"4909242f3faa362c38682b38f8d95af6dcf679841f6ed00417a46c9bc61622ef","size":1531},"test_f1_weighted":0.5685004671169047,"_wandb":{"runtime":81},"_step":80,"epoch":79,"test_loss":1.3065094168608387,"_timestamp":1.7490407800928164e+09,"test_recall_weighted":0.5459441814917578,"test_accuracy":0.5459441814917578,"test_roc_auc_ovr":0.8651080567372382,"test_confusion_matrix_image":{"width":1000,"height":800,"_type":"image-file","sha256":"8e146397f8dcb3257561ae6cd95d1c21603b2f1d13458a955b2c1c49951d3bf1","size":55993,"path":"media/images/test_confusion_matrix_image_80_8e146397f8dcb3257561.png","format":"png"},"train_loss":1.2211849191740765,"_runtime":81.856120788,"test_roc_auc_ovo":0.8884418208884989,"test_precision_macro":0.3657047300883024,"test_f1_macro":0.3758456867427179}