{"_wandb":{"runtime":13},"loss":1.2909573809853916,"f1_macro":0.3239562925777439,"precision_weighted":0.6285266792346021,"recall_weighted":0.4735804148248895,"roc_auc_ovo":0.8647023405575863,"accuracy":0.4735804148248895,"fold":2,"confusion_matrix_table":{"_type":"table-file","sha256":"2215d414d25e899e82d39d70aeae7d11f94158a47a4d64c0f9dae9aaad716071","size":1528,"artifact_path":"wandb-client-artifact://ik34uapukfwt84aliwv3ke9qri6865940saxi0qcnmpeds2xse0ol9p7qteyvyq3a8oek9wqh5cnpa7odidbi0cti1m7iofzrs3bwb881u51nrxipnaqsape9xyzb82s/confusion_matrix_table.table.json","_latest_artifact_path":"wandb-client-artifact://n4qi37dn0cotbjl0uignaianp5th06dhugeqv136w6f8gi30errbsp68pkndx8ueczpesjp1x59yfmvrjvk4t8sx5oxuygiotg2gy05j2npwo480btxf7uvnbpgkrtpk:latest/confusion_matrix_table.table.json","path":"media/table/confusion_matrix_table_0_2215d414d25e899e82d3.table.json","ncols":3,"nrows":81},"_timestamp":1.748282677002054e+09,"f1_weighted":0.5023987832216577,"roc_auc_ovr":0.831099371427179,"_step":0,"precision_macro":0.31367921793787507,"_runtime":13.639628596,"recall_macro":0.5470249557688638}