{"avg_recall_macro":0.4025961520059866,"avg_roc_auc_ovo":0.7868533358497163,"_timestamp":1.7482842583306067e+09,"avg_f1_macro":0.21372069659158616,"avg_accuracy":0.28727098848999494,"_wandb":{"runtime":1},"avg_roc_auc_ovr":0.7530692310504782,"avg_confusion_matrix":{"ncols":9,"nrows":9,"_type":"table-file","sha256":"aa68f9cb64a45b654966595acf1958c51420e57063d816ced9fd112cb9dc3419","size":613,"artifact_path":"wandb-client-artifact://rpb6n58w0cg03q7utn9v9zzjd7r6vetoalmf0ccdetvdl24zfmysxtk6bb2s309j3st9hs0uq2eozm91fu2qin2e1qtqo119ewuqxgi2jwjs8ex5oes3fhkrp57l9g49/avg_confusion_matrix.table.json","_latest_artifact_path":"wandb-client-artifact://9x64fcpyflmk9zsndzo49rb2rnj7pl4a6dyd3xmnhvaa6zerg1jhwer26770guwjuh4dcmqdl5j72l3tyb6v97y5l5qgtcvuh7bq69yrq0iqwqtigm226ynufta3qd31:latest/avg_confusion_matrix.table.json","path":"media/table/avg_confusion_matrix_0_aa68f9cb64a45b654966.table.json"},"avg_recall_weighted":0.28727098848999494,"avg_precision_weighted":0.611285291010614,"_runtime":1.029794104,"avg_precision_macro":0.31009412611550613,"avg_confusion_matrix_image":{"_type":"image-file","sha256":"3f48bb4419d81da83f91f141c5fd42e12f96f36fc80dd9b00489f15c42e83783","size":66382,"path":"media/images/avg_confusion_matrix_image_0_3f48bb4419d81da83f91.png","format":"png","width":1000,"height":800},"avg_loss":2.239745060600664,"avg_f1_weighted":0.36941493755465415,"_step":0}