{"avg_roc_auc_ovo":0.5957143779210097,"avg_f1_weighted":0.39409909512749824,"avg_accuracy":0.4921321906082591,"avg_precision_weighted":0.3505855414597853,"avg_confusion_matrix":{"_type":"table-file","sha256":"d8ec98c3f329bebf01cbde7493c48311e535bd758c2468eebeffa15240986587","size":571,"artifact_path":"wandb-client-artifact://waf963d4qmsfbrvp5vj10a5urws1reuyxlh9vx98oy2xap3205ooawx2u7w567k48906zw6xqff73olj7cf4edj53exermn0mjna9hon2inv4uikdqwd5zei21zc6j56/avg_confusion_matrix.table.json","_latest_artifact_path":"wandb-client-artifact://pugb6z95zjzxv3gb81kc53cl1jwwa1vrm535eg6dbx04fvfm6oq7h6lc9ikhu58wedy21n1vtvyzmuu69ez07jeekwzlswcoge2w1jo6pt72s1dcwwewro63gj21exl6:latest/avg_confusion_matrix.table.json","path":"media/table/avg_confusion_matrix_0_d8ec98c3f329bebf01cb.table.json","ncols":9,"nrows":9},"_step":0,"avg_loss":1.4658517077051358,"avg_f1_macro":0.12040552270632124,"avg_recall_macro":0.14898337633240477,"_runtime":1.05203725,"avg_confusion_matrix_image":{"_type":"image-file","sha256":"0e9ed3fae12c1e4e14e239edceca838de807dc7d547fb7e1e911e50b94e059cd","size":44479,"path":"media/images/avg_confusion_matrix_image_0_0e9ed3fae12c1e4e14e2.png","format":"png","width":1000,"height":800},"_timestamp":1.7482806142589593e+09,"avg_roc_auc_ovr":0.6230212754431934,"avg_precision_macro":0.1090732494512762,"_wandb":{"runtime":1},"avg_recall_weighted":0.4921321906082591}