{"confusion_matrix_table":{"_latest_artifact_path":"wandb-client-artifact://za4khzp4hyzlh8cq3drb2rnioex3bk1xe662zyu06jv0uo7yht2zm0wlc2amxiwkzyiklaj3ep6av6iz2rbo9zgm0xal25b0lehjf1he4f9oyvwr0oiivywjvpr91r7m:latest/confusion_matrix_table.table.json","path":"media/table/confusion_matrix_table_0_c77f9fab4e3c172e77dd.table.json","ncols":3,"nrows":81,"_type":"table-file","sha256":"c77f9fab4e3c172e77dd53d718fcff4ff8d71b45d559fd3097aa9e13af9af7a8","size":1526,"artifact_path":"wandb-client-artifact://g1lh09smgkzip1dqj1ka3kngt15b7r9bopxa379tk8qcs7g0w9jgcd9dq5tu3kjvbvco1u4rqmmxeh1zk2y0z6t2nkd75gc2tnx5a9ozks43yf2teacccblc7reh29fp/confusion_matrix_table.table.json"},"precision_weighted":0.6191014739780812,"precision_macro":0.3249031071316818,"recall_weighted":0.4749727965179543,"_timestamp":1.7482871846345685e+09,"_runtime":45.077649124,"_step":0,"roc_auc_ovo":0.8455619908726872,"roc_auc_ovr":0.8171287717091966,"accuracy":0.4749727965179543,"f1_weighted":0.5001016706522443,"fold":5,"recall_macro":0.5019169415090949,"_wandb":{"runtime":45},"loss":1.4661768737694492,"f1_macro":0.33485149322200025}