{"confusion_matrix_table":{"_type":"table-file","sha256":"57580c1ee8d9aa29f16627df61b066e7d339eb7008c8ab3205bea79605227920","size":1523,"artifact_path":"wandb-client-artifact://wob7vctiu79b2h8nm2lzzwnke14fi74ssaw2bj3nw300gkjj5am8g0qx1anza6blkil02uthl3qwlmw30f4sfsbyliopvai5ehtmb2jqbzaxbw90sllcwq3f4pr66d4y/confusion_matrix_table.table.json","_latest_artifact_path":"wandb-client-artifact://zbauu9shutzjfce52l5nj6al8l59tz1scomd5tmqakgyizbjm4blh18dsaifnxmubq29tb0olylx5jq7x2uo6g3t426vcieejcm5fad9rhoavzig1ddhzgl2jng18kze:latest/confusion_matrix_table.table.json","path":"media/table/confusion_matrix_table_0_57580c1ee8d9aa29f166.table.json","ncols":3,"nrows":81},"roc_auc_ovo":0.8907200142560661,"fold":5,"precision_weighted":0.6865438593299013,"recall_macro":0.5749726513528468,"f1_weighted":0.5017986555668722,"_timestamp":1.7488004977817745e+09,"precision_macro":0.36381717520408313,"recall_weighted":0.44219260065288357,"f1_macro":0.34972277723161976,"roc_auc_ovr":0.8587797251193665,"_runtime":38.421499155,"_wandb":{"runtime":38},"loss":1.3541506350040435,"accuracy":0.44219260065288357,"_step":0}