{"precision_macro":0.3285140110912425,"f1_weighted":0.5242123945410013,"roc_auc_ovo":0.8712982766184325,"fold":3,"roc_auc_ovr":0.8362706013854911,"_step":0,"recall_macro":0.5487024515457437,"accuracy":0.4949336960217613,"confusion_matrix_table":{"sha256":"e3ce9e692294bbaabd946c2cd2da70f68b538a0788c0a0425bace02e9d6adcc3","size":1526,"artifact_path":"wandb-client-artifact://u97r94h1kklqbgza7sei0ucdg8dckykcaqkb6omm9fb2etcyx127d8a4fxjatrznz6nqtqzlv63knffezcq2s70tz5476s4fy861hzf6nvbgd5f2j9sxx73j40elrjuz/confusion_matrix_table.table.json","_latest_artifact_path":"wandb-client-artifact://0zgmu1ioju7s1bsju0yvf1vtvtgz64nugzn3274nzjvdgacns0u4alvhv28qg6i3r5ndiryohraw0uwn3key22tgxct5cs6rou6npzemyotlc7sfymnuh6s6fkv0jqui:latest/confusion_matrix_table.table.json","path":"media/table/confusion_matrix_table_0_e3ce9e692294bbaabd94.table.json","ncols":3,"nrows":81,"_type":"table-file"},"_wandb":{"runtime":14},"recall_weighted":0.4949336960217613,"loss":1.2771112261147335,"_timestamp":1.748282693748491e+09,"_runtime":14.329547361,"precision_weighted":0.6362461627954294,"f1_macro":0.33588310511802466}