{"epoch":9,"train_loss":0.003884149432997219,"test_roc_auc":0.999840586667015,"test_accuracy":0.9998238914636403,"test_false_negatives":26,"test_precision":0.9971208170360712,"test_true_negatives":430153,"test_loss":0.004073272967555871,"test_f2":0.9982922159857286,"test_true_positives":18355,"_wandb":{"runtime":170},"_runtime":170.429142276,"test_recall":0.9985854958924977,"test_specificity":0.999876803205906,"_step":10,"_timestamp":1.7490286898991766e+09,"test_f1":0.9978526189893718,"test_false_positives":53}