{"_timestamp":1.7482828460731308e+09,"_step":0,"avg_f1_macro":0.33046927223309286,"avg_precision_weighted":0.6409849299232364,"avg_recall_weighted":0.47470935470491665,"avg_precision_macro":0.32332915066172796,"_wandb":{"runtime":0},"avg_accuracy":0.47470935470491665,"avg_f1_weighted":0.5034030677187793,"avg_recall_macro":0.5458735693111868,"avg_loss":1.2847405334998823,"avg_confusion_matrix_image":{"width":1000,"height":800,"_type":"image-file","sha256":"a4e1a44bceba5343dbef9a7ccac00f33f0a632d705708d96a05c0b872e1f55b9","size":69553,"path":"media/images/avg_confusion_matrix_image_0_a4e1a44bceba5343dbef.png","format":"png"},"_runtime":0.9558774,"avg_confusion_matrix":{"artifact_path":"wandb-client-artifact://emaebym5za9xi4fejsur2znaut4o0rtqn63x221tdxn6tsv0gu9iw2iwtcde94zg6jdhfr6cygxk56yuh4xqxir834ds3hjofnkfmtaf8ocugrf7dohm49azcc8aat8c/avg_confusion_matrix.table.json","_latest_artifact_path":"wandb-client-artifact://0is5b6uqql6zslpv9xmd02qnuviuq8lsqfeuv5s3neljhfoqtxlywdscu17aldcjep0b1ol934janka5jgp3jtgtnha457u11o5gw64juodkwqccnt9c2x7obkvqtian:latest/avg_confusion_matrix.table.json","path":"media/table/avg_confusion_matrix_0_40a8218ad8060ce79264.table.json","ncols":9,"nrows":9,"_type":"table-file","sha256":"40a8218ad8060ce79264b50f3eb5ab8eeb22e64b1807d8d1f5577e423c1176ae","size":623},"avg_roc_auc_ovo":0.8715392763912091,"avg_roc_auc_ovr":0.8374627335974907}