{"_runtime":31.433078659,"test_loss":1.3618018560939364,"_wandb":{"runtime":31},"test_confusion_matrix_image":{"path":"media/images/test_confusion_matrix_image_50_403bea612b0cecfd86bc.png","format":"png","width":1000,"height":800,"_type":"image-file","sha256":"403bea612b0cecfd86bcf59ac7934caea2130e05c783405076abf36d97dcc3c7","size":53529},"test_f1_weighted":0.43569154583946834,"test_accuracy":0.4064523148903759,"epoch":49,"test_precision_macro":0.31776630491889635,"test_recall_macro":0.5340284033261476,"test_roc_auc_ovr":0.8357471064708384,"test_confusion_matrix_table":{"sha256":"58219f13638b782f920479fb9aebeb175497dff03ef17bb1d2aa7c490c04efbb","size":1532,"artifact_path":"wandb-client-artifact://fzwzxzv17yooh84kule60f0rqytd8c1esyig2iltcyormqvnx9z2hyyb43bg4qrf75cir59e7j331b46ivpyu28txjh46k2gnx5fvtxyluv2m7yhtg24b93npts3qp9y/test_confusion_matrix_table.table.json","_latest_artifact_path":"wandb-client-artifact://c2u8m173b1x9hx3fbc8ggvlc9xl9z84pmz5kd90ps7487nykpixk8lec44m4mr9akhz0kha8wxsnj1zovw41ztevgm705ichonmjyysxzi67wy890pnr9hjomj3rx4sr:latest/test_confusion_matrix_table.table.json","path":"media/table/test_confusion_matrix_table_50_58219f13638b782f9204.table.json","ncols":3,"nrows":81,"_type":"table-file"},"_step":50,"_timestamp":1.7490401935069487e+09,"train_loss":1.2845317007147747,"test_recall_weighted":0.4064523148903759,"test_f1_macro":0.30575195546645806,"test_roc_auc_ovo":0.8703354086991655,"test_precision_weighted":0.6407163100906237}