{"roc_auc_ovr":0.8415374822794486,"fold":2,"_wandb":{"runtime":51},"_timestamp":1.7488006098097558e+09,"_runtime":51.811637314,"f1_macro":0.32635797898091834,"f1_weighted":0.471430787837362,"_step":0,"precision_macro":0.32671746294956194,"recall_macro":0.5432489545043897,"accuracy":0.4311458687521251,"roc_auc_ovo":0.8737393814712759,"recall_weighted":0.4311458687521251,"confusion_matrix_table":{"_type":"table-file","sha256":"2d2c40ee092593b890eee0d59d5cb92a47ea9d21c8dc0b593d120510153cef57","size":1526,"artifact_path":"wandb-client-artifact://rq7398ghmk8w58d7rqd5w2wfk68eebiyu1d89y7oxlad5id5p571buer4c0j2b1iyl1jfd1hox6ij9mrtq4dxhoomsm9jzjq6otqhdv11f21raei0ehiyd9zfunlv31h/confusion_matrix_table.table.json","_latest_artifact_path":"wandb-client-artifact://ldhven91rnn9dgwe2nk933qcajewj43hz4nna4o4fc8bvisl1xp4cw2pycp7pllk4ebp4g6x5qjew6dpcd8hlh876qz0am1j3drqokpjnkwjxdmhfpkitxiam2dl33fz:latest/confusion_matrix_table.table.json","path":"media/table/confusion_matrix_table_0_2d2c40ee092593b890ee.table.json","ncols":3,"nrows":81},"precision_weighted":0.6505112322597617,"loss":1.3389122643180795}