{"_runtime":1.273698598,"avg_confusion_matrix":{"_latest_artifact_path":"wandb-client-artifact://z7sv7wgd8yui16ynaotzndeqyi602knn5zzaz6kqkbxhi3cu7r3p916tgu4hzjlplindqojky70ynj7131ad9ypj0rrnv9wd8ue2ddalpburc55tbw1deq2onwy4r1nb:latest/avg_confusion_matrix.table.json","path":"media/table/avg_confusion_matrix_0_8826c810c9027de9f80e.table.json","ncols":9,"nrows":9,"_type":"table-file","sha256":"8826c810c9027de9f80e166da0b39e4f8c40845fcc7ad3d0cf536c0277ed3901","size":625,"artifact_path":"wandb-client-artifact://euo35rtyz8ee23lhiddtsxygc4fuhafdww0q58784e0o8ut7s3wctxf9kd0p5gk1d6c8ic1848omggeoz4w0o7qy4d24db1r4hhcq5ctubta6xf0228oja8hp2nowk78/avg_confusion_matrix.table.json"},"_step":0,"avg_accuracy":0.3933484776224767,"avg_roc_auc_ovo":0.8823819853170628,"avg_precision_macro":0.34366884578624324,"avg_recall_macro":0.5399228080281061,"avg_f1_weighted":0.42477370186659275,"avg_roc_auc_ovr":0.8537765771508603,"avg_loss":1.3468674592177075,"avg_f1_macro":0.3184644304757286,"_timestamp":1.7487991217540016e+09,"avg_confusion_matrix_image":{"sha256":"7bb2a40492d7fe86a32d26cd91d010ff530f2e8c264c63e52885256b7b2de3a3","size":68853,"path":"media/images/avg_confusion_matrix_image_0_7bb2a40492d7fe86a32d.png","format":"png","width":1000,"height":800,"_type":"image-file"},"_wandb":{"runtime":1},"avg_recall_weighted":0.3933484776224767,"avg_precision_weighted":0.6520068180164509}