{"_timestamp":1.7487993914665709e+09,"_runtime":31.644868881,"recall_macro":0.5532779529570857,"_wandb":{"runtime":31},"loss":1.2414973477522533,"f1_macro":0.3849915499115168,"precision_macro":0.39452588330551475,"recall_weighted":0.5202312138728323,"fold":1,"f1_weighted":0.5630302399874476,"_step":0,"precision_weighted":0.6685082130155021,"roc_auc_ovo":0.8860483736785756,"accuracy":0.5202312138728323,"confusion_matrix_table":{"_latest_artifact_path":"wandb-client-artifact://sj29glbvh3xrb990iqtgsvl30i0cp7pksmebzt9ox3bfg6by70waevjuxrxofn4orw35b6l2k5eip9nbsxzkjwjctz3nozzmho0g3wbupcibq11w7n24d6a2ic110aqd:latest/confusion_matrix_table.table.json","path":"media/table/confusion_matrix_table_0_b5ec1d4beb9323757ba1.table.json","ncols":3,"nrows":81,"_type":"table-file","sha256":"b5ec1d4beb9323757ba1f74510c7b298ed665d4fbd317e848bc9873489316506","size":1523,"artifact_path":"wandb-client-artifact://7z2cyjt23l4xjz7m2jhjjhnczrjkk90njalc30rutryd2xpw4ri4q7phs3eq28rdlzw2pbzybx1eh41usebaauqyqzpwo556h3pakss6kjr192w3tpy7f5wguisc5bn4/confusion_matrix_table.table.json"},"roc_auc_ovr":0.862248591261253}