{"loss":1.4924360472580482,"accuracy":0.46603196191771507,"roc_auc_ovr":0.6309589082351867,"_runtime":8.702655401,"precision_weighted":0.3287388195713389,"recall_weighted":0.46603196191771507,"recall_macro":0.13193919702323054,"confusion_matrix_table":{"nrows":81,"_type":"table-file","sha256":"48ad5144131363ff33b54673dc5ab539160dd9f64d633778b4faef63e62da925","size":1470,"artifact_path":"wandb-client-artifact://iwobox40igx2azl2yql0llqhavsuhsezcencunay64ezbkf603lz4gbwi3c98hz4zvuwppuipdnb6lwwun55760h08qma27aa1wtbiziotaetulo6bhg078p8aw60ciq/confusion_matrix_table.table.json","_latest_artifact_path":"wandb-client-artifact://icinsz6q2dy8rusrj87w76efyp77v4l9hbarmb23hg9c7ptaxv0tqsfvvmif1z8bmmxduw94zevt1u99n38if0dq07bqa3m13fel3nopl3ddnhejvdq3m2b3x9lho9kv:latest/confusion_matrix_table.table.json","path":"media/table/confusion_matrix_table_0_48ad5144131363ff33b5.table.json","ncols":3},"f1_weighted":0.3531043354564208,"fold":1,"f1_macro":0.10520004937360716,"precision_macro":0.10452199675331436,"_wandb":{"runtime":8},"_timestamp":1.748280565261424e+09,"_step":0,"roc_auc_ovo":0.5982066597216223}