{"loss":1.5998166306265469,"_wandb":{"runtime":4},"_timestamp":1.7482805371292431e+09,"confusion_matrix_table":{"_latest_artifact_path":"wandb-client-artifact://plk3px7xxn9tuxa7kogyzon039kidwzrfutc0u9a0ae33wyc68ts859bqrww8ce1klhet7jvj6rbdc0an6ui464edk21q7s3e9fc4ybb6vmpn2gmevun2vdmzzm87eda:latest/confusion_matrix_table.table.json","path":"media/table/confusion_matrix_table_0_d96f2664f38fffab39e9.table.json","ncols":3,"nrows":81,"_type":"table-file","sha256":"d96f2664f38fffab39e9ac4711d86ac5039f378068f03b4afb495fe2c21790e3","size":1459,"artifact_path":"wandb-client-artifact://1mcsq44q8z5w4qfqjhpn008o4ck67yzkwpzn1shiugd5atku9hucg27y9ojh9ej4v92xuw8ci6rfxxq0jwshljhcbsskm8eeeuuhdrrmp3j7y4o66da7dbytdga06hi4/confusion_matrix_table.table.json"},"f1_macro":0.06598135309586421,"roc_auc_ovo":0.5789337753721207,"_step":0,"roc_auc_ovr":0.5871878022552495,"accuracy":0.4223053383202992,"recall_macro":0.1111111111111111,"f1_weighted":0.2507784987778205,"_runtime":4.811412658,"precision_weighted":0.17834179877382236,"recall_weighted":0.4223053383202992,"fold":3,"precision_macro":0.046922815368922136}