{"test_roc_auc_ovr":0.7858812742321722,"_timestamp":1.7490340557406633e+09,"test_f1_macro":0.2998773217283957,"test_confusion_matrix_image":{"size":57331,"path":"media/images/test_confusion_matrix_image_20_a15d5564de146f1a2324.png","format":"png","width":1000,"height":800,"_type":"image-file","sha256":"a15d5564de146f1a23246a3fa90fc4b4b12260a64abb9a4f1b5e867090dfd71a"},"test_accuracy":0.41575539959741037,"test_f1_weighted":0.4590130066885093,"_wandb":{"runtime":16},"_step":20,"test_precision_weighted":0.5865961322145901,"test_roc_auc_ovo":0.8021136428591017,"test_precision_macro":0.2895141172463029,"train_loss":1.4087122678756714,"_runtime":16.944103538,"test_recall_weighted":0.41575539959741037,"test_confusion_matrix_table":{"size":1531,"artifact_path":"wandb-client-artifact://4h2zgoe4dn302x0gomgnt3um1mn7bsnhbse9fs3310nxvrvm8eh8lpp02keegbjzwmw5oq57zvk3xh8z7k1n7giq5mzmi1cwfwpkyfq2qj9fv82mx83osmj5mc8cqt11/test_confusion_matrix_table.table.json","_latest_artifact_path":"wandb-client-artifact://98sa2xl75ju5losaa6j6xsfyq0r93vchh5o3jbta23nntijdeq0uxje4i2f53ry60p14sqn36e7t11xrpuxhayjxguta79yhj0mi8mm1qkdvwnl4s0ub46qsusve0gu2:latest/test_confusion_matrix_table.table.json","path":"media/table/test_confusion_matrix_table_20_6cc8c7a6f3cb9ac62ca2.table.json","ncols":3,"nrows":81,"_type":"table-file","sha256":"6cc8c7a6f3cb9ac62ca227008e3925445425891b7dd22c1a4fce3d78ca02bc62"},"test_loss":1.9638186693191528,"epoch":19,"test_recall_macro":0.46806452345904476}