{"_wandb":{"runtime":49},"confusion_matrix_table":{"_type":"table-file","sha256":"9c7221293c49919427fdc7b43bc612cf4293b8e8e515a06fa035befaf8c99f02","size":1489,"artifact_path":"wandb-client-artifact://8ko2xooi4jv7o7327exre72va72it3y5orie0jr6lb1t1q13yqdpshfzkxb78bw81y0xl2udtp6wm01ctxvai5j1zai53eio7n9d2c100v4gwuarv7mdpw46mtss2375/confusion_matrix_table.table.json","_latest_artifact_path":"wandb-client-artifact://whb55idc2676dcfvs84dtz2mi9w3vxtx3nxginnau3nfhbdvwyhpxeahca4fxqix57yzqpy27t649y0mvryrepx2che2u6jffa2qelarl9kpma6vljro4tsskik0tb64:latest/confusion_matrix_table.table.json","path":"media/table/confusion_matrix_table_0_9c7221293c49919427fd.table.json","ncols":3,"nrows":81},"loss":3.0450534966976748,"accuracy":0.2163209792587555,"_step":0,"precision_weighted":0.5560410138893993,"recall_macro":0.24773686398603495,"_timestamp":1.7482849018812356e+09,"recall_weighted":0.2163209792587555,"f1_weighted":0.29760439781168085,"_runtime":49.406132365,"roc_auc_ovo":0.7015894458033929,"f1_macro":0.12235468242867367,"fold":1,"roc_auc_ovr":0.6889409724404193,"precision_macro":0.20739327963228865}