{"_step":0,"loss":1.213834273815155,"roc_auc_ovo":0.8936718103495678,"f1_macro":0.34994441257098174,"fold":3,"_timestamp":1.7487998458780167e+09,"confusion_matrix_table":{"sha256":"dda247bac4ca04154e7200c9be54d071ec93501946bfc6410a53c298e16a2b01","size":1519,"artifact_path":"wandb-client-artifact://mw19cddi5q6f2uszd2k9kndrv7t28yykpmjsgi6kuzslzivh2g60afimxrfxn794szneoeapntb371p3oybyq56uz14e0ofqps6fq32hpmlete1pulqe1j1mn2ufawfp/confusion_matrix_table.table.json","_latest_artifact_path":"wandb-client-artifact://ps8t2p8vdvi2v095cy0cmbjj41ery7vouyzpwn7haaqd258k5rf946ttk7enrocb790il0uqtg6wurabrem3vrguubmzx2txqpjziq638xt6j0l9u0mgerfthbvk7wka:latest/confusion_matrix_table.table.json","path":"media/table/confusion_matrix_table_0_dda247bac4ca04154e72.table.json","ncols":3,"nrows":81,"_type":"table-file"},"_wandb":{"runtime":29},"_runtime":29.861044218,"roc_auc_ovr":0.8652331948548713,"accuracy":0.4476708602516151,"recall_macro":0.5734769733142168,"f1_weighted":0.5109196933528102,"precision_weighted":0.7121062343990495,"recall_weighted":0.4476708602516151,"precision_macro":0.3799995605564811}