{"recall_weighted":0.4630397823869432,"precision_macro":0.3181068696617723,"_wandb":{"runtime":21},"accuracy":0.4630397823869432,"_timestamp":1.7482827546733692e+09,"confusion_matrix_table":{"ncols":3,"nrows":81,"_type":"table-file","sha256":"bfd9fb76dbc7f91f92d4af163c7f9daec5c5f0cbad0e84b97946c67ca502bdbd","size":1526,"artifact_path":"wandb-client-artifact://ahv21o1annm17hlnqm9683qszx21j759vkdnikvcjcepn4g9w83279ebeit576jdgs6m2h0m9k54i9fkhq80dpfe8qwwikykrqd300w2h1e065u02tp8cofzuovy5tdd/confusion_matrix_table.table.json","_latest_artifact_path":"wandb-client-artifact://5vhpltg4gimstkzzkk3gonv1viq1tjeuhawjtx31gjdbrzthid84bo8cf4k29nnmc9ki2fxntvb4madm95dxfwtwlt7zg7k4r9uhkkw76sgofo2mhcmuhq77cpb1xrte:latest/confusion_matrix_table.table.json","path":"media/table/confusion_matrix_table_0_bfd9fb76dbc7f91f92d4.table.json"},"_runtime":21.768881138,"loss":1.2742581408599327,"f1_macro":0.32702995068754315,"roc_auc_ovr":0.8379163066575191,"fold":1,"recall_macro":0.542654418239571,"_step":0,"roc_auc_ovo":0.8724583652607363,"precision_weighted":0.6366574623148387,"f1_weighted":0.49121626339829344}