{"test_loss":0.004100518378351505,"test_recall":0.9984222838800936,"test_false_positives":49,"test_true_negatives":430157,"test_false_negatives":29,"test_true_positives":18352,"_runtime":113.709235518,"_step":10,"test_accuracy":0.9998261206856195,"test_roc_auc":0.9998184120331907,"_wandb":{"runtime":113},"test_f1":0.9978793975314012,"_timestamp":1.7490299461325064e+09,"train_loss":0.00390640155845638,"test_f2":0.9982050584715801,"test_precision":0.9973371012444976,"epoch":9,"test_specificity":0.9998861010771584}