{"confusion_matrix_table":{"artifact_path":"wandb-client-artifact://94kwignqxjxh83y3zejnh6n7dm763dgogsgkmwydy3ptrhyirmzdmyy1au9qc7vmxbayaqds54age05dhmw2na8cedd32qj5gwxcsbkgi40d789c3305lkbiu5na6bhz/confusion_matrix_table.table.json","_latest_artifact_path":"wandb-client-artifact://mpsjbounkgu1gnw26amgsj78ouc3y4mka173fimp1tqgxhd8sbvd65kqt9j8ieci86u0gvvwea1k780ca9av0r8x4v5aejanxvp5pzo3yy3yohdtal3c9kidpjrkzd6z:latest/confusion_matrix_table.table.json","path":"media/table/confusion_matrix_table_0_8e69f370474bc8265082.table.json","ncols":3,"nrows":81,"_type":"table-file","sha256":"8e69f370474bc8265082014a16fe41a3193e97587d45f38a143486077c1ba158","size":1518},"accuracy":0.5268276096565794,"recall_weighted":0.5268276096565794,"precision_macro":0.39829641034806434,"roc_auc_ovo":0.8988307393693982,"_step":0,"_runtime":42.071082652,"fold":3,"recall_macro":0.6097513827184385,"_timestamp":1.748800416471185e+09,"loss":1.1505589932203293,"_wandb":{"runtime":42},"precision_weighted":0.7013243167525443,"f1_macro":0.4060804901070097,"f1_weighted":0.5559523751889198,"roc_auc_ovr":0.8739760514092324}