{"recall_weighted":0.4184971098265896,"recall_macro":0.5569120156729005,"f1_macro":0.32000816138452853,"_runtime":33.933145493,"precision_weighted":0.6623509000899707,"_wandb":{"runtime":33},"loss":1.253157385190328,"_timestamp":1.7488014926476243e+09,"roc_auc_ovr":0.850869423721812,"roc_auc_ovo":0.8831660899236452,"precision_macro":0.333896072613755,"_step":0,"accuracy":0.4184971098265896,"f1_weighted":0.4492167212922203,"fold":2,"confusion_matrix_table":{"size":1523,"artifact_path":"wandb-client-artifact://2zixgzxb631bhzwfcc6v16tdkarrg38jzqqanmj3ovfflc8lgchpgxc867chu4611arsiwi5ny1d4soxj2bxnuyh2rkannhftz1rnbmsnv1ij7d7td4z5k2tzshin5ok/confusion_matrix_table.table.json","_latest_artifact_path":"wandb-client-artifact://8f0vustoph98m9nbbpu69dk492aj518bft56ayqg17slr4r1qohpbcqgfkygeox2ecgw6lnw7ttp27r7s6e3tu9qg84u5wqz1bzc047r0q50yonfs1qybvh0125cwn0a:latest/confusion_matrix_table.table.json","path":"media/table/confusion_matrix_table_0_782f30ac40423900f224.table.json","ncols":3,"nrows":81,"_type":"table-file","sha256":"782f30ac40423900f224e55dcfbf62f13d759233b6fce0a58a27f9dcc836ba01"}}