{"true_negatives":344118,"_runtime":90.760335382,"accuracy":0.9998077287470603,"false_negatives":23,"_step":0,"_timestamp":1.7474801378331053e+09,"true_positives":14681,"f2":0.9981235467685572,"false_positives":46,"loss":0.004165684881283798,"_wandb":{"runtime":90},"f1":0.997655533281234,"fold":5,"roc_auc":0.999760816108698,"precision":0.996876485367013,"specificity":0.9998663427900653,"recall":0.9984357997823722}