{"test_confusion_matrix_table":{"sha256":"5580b368b685d09b5b420e2777af2470c53d1d8e4120f330ffe8d0294c8b0710","size":1531,"artifact_path":"wandb-client-artifact://1ij86fvhndoyp2hasfl8jqb2gi474dp32im4pr7aebtp3jxar2nwjuc1tyx02sh7dj2z37i3bfkzyseu94yjgn00658qx5vznssoiulyj0bjg6941s4oe9ov13h6owhy/test_confusion_matrix_table.table.json","_latest_artifact_path":"wandb-client-artifact://g89bxxim612sfd8197idvq3mv2u426i2a3jdkqyorj2ozgoa2b486kk7kj68jrjxxv85pkxonjm2t0k2by6vgnld8ldide5ikabhp597hgnywfk5un8835zg4em26chq:latest/test_confusion_matrix_table.table.json","path":"media/table/test_confusion_matrix_table_100_5580b368b685d09b5b42.table.json","ncols":3,"nrows":81,"_type":"table-file"},"_wandb":{"runtime":122},"_runtime":122.386462875,"test_recall_weighted":0.46618791143028127,"test_recall_macro":0.5594681072972559,"test_precision_weighted":0.6486328846034934,"test_confusion_matrix_image":{"format":"png","width":1000,"height":800,"_type":"image-file","sha256":"02e73bba3470af2c26f619d86f19fe34ca1c457d1a132dbb8984eec0bc592ede","size":55210,"path":"media/images/test_confusion_matrix_image_100_02e73bba3470af2c26f6.png"},"test_roc_auc_ovr":0.844460285643069,"test_f1_weighted":0.49234870717062007,"_step":100,"test_roc_auc_ovo":0.8773045824667466,"train_loss":1.3036661475663396,"test_precision_macro":0.32787701266259606,"test_f1_macro":0.33199400055988104,"epoch":99,"test_accuracy":0.46618791143028127,"_timestamp":1.749034658917916e+09,"test_loss":1.325528194093042}