{"_step":0,"avg_recall_macro":0.21059921583265653,"avg_accuracy":0.33003381982026647,"avg_confusion_matrix_image":{"width":1000,"height":800,"_type":"image-file","sha256":"6dea79ecdc895357d42a26981914fe60e28316d14c6560050b757cc5a3ebe8a4","size":73959,"path":"media/images/avg_confusion_matrix_image_0_6dea79ecdc895357d42a.png","format":"png"},"avg_precision_weighted":0.4543180414935417,"avg_recall_weighted":0.33003381982026647,"_wandb":{"runtime":1},"_runtime":1.047018855,"avg_roc_auc_ovo":0.7133991226124018,"_timestamp":1.7482824003014321e+09,"avg_confusion_matrix":{"path":"media/table/avg_confusion_matrix_0_a4569c0898623cbe5f2a.table.json","ncols":9,"nrows":9,"_type":"table-file","sha256":"a4569c0898623cbe5f2a2079133f41a2d28c10db8aa32fb8fe2c396335ba49fb","size":623,"artifact_path":"wandb-client-artifact://b0dwjrdjtqwd1t0umxck9boxoou17j0u8rxz0h38v4knycnxywrvy27oeg429n2ushkgebhqhqr5qzvc60nan7mswrs2fdbenvakldw0rxr2kpyy38duxswc4502zues/avg_confusion_matrix.table.json","_latest_artifact_path":"wandb-client-artifact://8d1hh08vgb7kvpgbev5a89qdkqlcbd83pmlfew2ygyoxe0rqv0b2pxvqkuzddgo986nqi6hymsoezskl4j8qg1agvchkbiegz37g9qaij4x5lcn9yo5axivrtfo14i9v:latest/avg_confusion_matrix.table.json"},"avg_f1_macro":0.1300714306813786,"avg_loss":2.133069830105222,"avg_roc_auc_ovr":0.7090445427048033,"avg_precision_macro":0.178535983209902,"avg_f1_weighted":0.2962194028488635}