{"precision_weighted":0.6326924012513482,"fold":5,"_wandb":{"runtime":40},"accuracy":0.5128536452665942,"roc_auc_ovr":0.8270580170597398,"_step":0,"f1_weighted":0.4925047538860519,"_runtime":40.163106288,"confusion_matrix_table":{"_type":"table-file","sha256":"98856e145450cbc01c43f2398a6fed5034a7eda5a1979b5a1d054f693a285493","size":1515,"artifact_path":"wandb-client-artifact://zbwt4c55phf1mm5nacb6jb019jo0lpyc3ygux6wk8873iyfsfne1sc1tdscn9hx133pma9j7o3cie2l5dgomsmkyq4wshz6rtorzhok52u2ewwde82uu35iw0ywiud68/confusion_matrix_table.table.json","_latest_artifact_path":"wandb-client-artifact://1656ctjz1zdzpucx1s7bk2o1am9sdm0di1zrucg4g6wntr47b33g8ahdgk2q2apfv54g7uo3x6h88ya6gbrl1jyefpxwr94gcxaw49mhlr7fiba85g1dgfsilyjulj2v:latest/confusion_matrix_table.table.json","path":"media/table/confusion_matrix_table_0_98856e145450cbc01c43.table.json","ncols":3,"nrows":81},"recall_weighted":0.5128536452665942,"_timestamp":1.7482877159497762e+09,"precision_macro":0.3743554380147509,"loss":1.503258824089299,"f1_macro":0.3340303368797223,"recall_macro":0.46794633254299406,"roc_auc_ovo":0.8355019236878252}