{"f1_macro":0.34713769597344224,"accuracy":0.5073784427065624,"_wandb":{"runtime":46},"f1_weighted":0.5328414594588824,"_runtime":46.61109033,"precision_macro":0.3449382032374093,"confusion_matrix_table":{"ncols":3,"nrows":81,"_type":"table-file","sha256":"35138f53250ce7ed5e8307283b7b3bfdcaf4d946d16f00245ecfe41b4eed07ad","size":1522,"artifact_path":"wandb-client-artifact://t0ztc68o2njy3alyhtuc8vt96uxezgbh1vijuz85hj9epacvi1odxhjtecbccqzcldvksxt9edia1vh39k90l6ui32tyhdd6uozex6s7a9pmc2rss5ti4s8xs4gmn2rs/confusion_matrix_table.table.json","_latest_artifact_path":"wandb-client-artifact://4ayviqm981xpueogylro2ca3mhemmb0rtkcchk8aegeecj26w9ybof842oi6tze00h00i7nw2dh7mkn0oxexljt6h6dvds4zh8t7cwv6m43zdma28z75sajbxbzwtxmv:latest/confusion_matrix_table.table.json","path":"media/table/confusion_matrix_table_0_35138f53250ce7ed5e83.table.json"},"_timestamp":1.7482869961339576e+09,"roc_auc_ovr":0.8284853963735203,"precision_weighted":0.6215053382848723,"recall_weighted":0.5073784427065624,"roc_auc_ovo":0.8471289870095426,"fold":1,"recall_macro":0.4909732212160003,"loss":1.4797375542962032,"_step":0}