{"_wandb":{"runtime":9},"recall_macro":0.16139286439454706,"accuracy":0.5107453754080522,"precision_macro":0.11239467671812811,"_step":0,"f1_weighted":0.4246106409664284,"roc_auc_ovr":0.6182704850682595,"precision_weighted":0.3663774602979206,"roc_auc_ovo":0.5961642083387622,"confusion_matrix_table":{"sha256":"f0d3deed528962e43127b3eb7827afc2560030e422ec45fd55f6b84b3bb03529","size":1474,"artifact_path":"wandb-client-artifact://8zxgs8oc7alrxe968329951x5bjz30jsy48e0nhqahcsn0vnqmemz9drznyk47hf3m98czpdyjot2lznrcduxmtk2bip88jl282iytp739oi7ydubri0a1hjkbcf39jv/confusion_matrix_table.table.json","_latest_artifact_path":"wandb-client-artifact://i26jhfnaafygyaaj7a9w2fe4fks22j5q82f1gbwszfgonaewyl57g0826jeh8e1hploz8h0pj0u84fw98ov3mjb27jk7019pyy9r0jx3b9k5sj0gs1fhcskl8eqcwmyz:latest/confusion_matrix_table.table.json","path":"media/table/confusion_matrix_table_0_f0d3deed528962e43127.table.json","ncols":3,"nrows":81,"_type":"table-file"},"recall_weighted":0.5107453754080522,"fold":5,"f1_macro":0.13181311691965514,"_timestamp":1.7482806109984224e+09,"loss":1.4538617277967518,"_runtime":9.498590686}