{"precision_weighted":0.603814635670697,"fold":3,"_step":0,"loss":1.5256880859965865,"roc_auc_ovr":0.7995741757760262,"f1_weighted":0.45269627562579795,"roc_auc_ovo":0.827026449213615,"_wandb":{"runtime":46},"_runtime":46.425215984,"_timestamp":1.748284660755788e+09,"confusion_matrix_table":{"ncols":3,"nrows":81,"_type":"table-file","sha256":"f9678100da42d1271ee0009e34378f726086f9cc7716a036dce01587e5ad8461","size":1519,"artifact_path":"wandb-client-artifact://2gh1n45pvdturnelg009y68cp6qbmc9zu6dm1crl1v476eoqx53h9qtqrwa96fodj1bref1a6rugh8bd7d7mr09tvc3qktk34rpqxyri466n8h9yljy2dx17la88x54n/confusion_matrix_table.table.json","_latest_artifact_path":"wandb-client-artifact://otvubam0t6ozj8mkqws24nzz6vcb47orhm4wmm1vqnxnkq3z6e9dwktlll3q3zetepl3ux2au2vs6fhnj3dsyd660yylrrh75j7of5548y4czbovsib1o59ppvdjaifs:latest/confusion_matrix_table.table.json","path":"media/table/confusion_matrix_table_0_f9678100da42d1271ee0.table.json"},"accuracy":0.42890173410404625,"recall_macro":0.48825335393801556,"f1_macro":0.28553975754321703,"precision_macro":0.30927912172938943,"recall_weighted":0.42890173410404625}