{"_runtime":32.525782745,"roc_auc_ovo":0.8627208378157446,"_wandb":{"runtime":32},"f1_macro":0.27119958463362226,"roc_auc_ovr":0.8275931162980438,"recall_weighted":0.258347500850051,"f1_weighted":0.3029888874944603,"loss":1.6878572344779967,"fold":3,"precision_macro":0.36636529833907133,"recall_macro":0.47457489287006616,"confusion_matrix_table":{"artifact_path":"wandb-client-artifact://ioss3czjwm487vxaaxzu90znwfyrt87dy6xnz8fn2hdsdneyu72ubfko0ev8z65zrvq2rjjk7oyt5t1cxmofo8creafkv45h4pqgruf2bexh759wlhpoo1nhkfbdlelm/confusion_matrix_table.table.json","_latest_artifact_path":"wandb-client-artifact://eimh4affrri866eryuia7foz1rveghxjtyr43dnejzu5gb2kxyj39izyw5qcfppp9eogjrkbllk9fz7r2ipchkyynmxwyg1zfm0vas00ioed13cs7upi6lsh1wusorxh:latest/confusion_matrix_table.table.json","path":"media/table/confusion_matrix_table_0_9760df34e0728cc8153b.table.json","ncols":3,"nrows":81,"_type":"table-file","sha256":"9760df34e0728cc8153bb2fe5a396c1d8493d0b80de6f2b224b01004babb09ca","size":1515},"precision_weighted":0.6766886832705307,"_step":0,"accuracy":0.258347500850051,"_timestamp":1.7487990483141046e+09}