{"confusion_matrix_table":{"nrows":81,"_type":"table-file","sha256":"e432d12995ade33f3b168c7656a4be7d2397948354e05d8f3aff0f016b876c99","size":1459,"artifact_path":"wandb-client-artifact://xluiirlkk5l5ejq2ula8ja9bgkezrx976a2nj65349mtb68vm6l7szaty12g7zfjqo0vbj5i0iteuxuspd1m7snf0eqfamaxv1iovjsj7imlfokvi4cdov7s5t6gyhkk/confusion_matrix_table.table.json","_latest_artifact_path":"wandb-client-artifact://szh1mhf67gytx4sdsht6e3thfdwvdgqrnk5if23mrj9b0gn8rulad8yid35c12fzctjhk0b3vnw7lr6f3s68xfie23uwn7ccrvvchx742dxeftz2upzc8f7ky8fpjrsw:latest/confusion_matrix_table.table.json","path":"media/table/confusion_matrix_table_0_e432d12995ade33f3b16.table.json","ncols":3},"roc_auc_ovo":0.5579683520598144,"recall_weighted":0.422373342400544,"f1_macro":0.0659919781124658,"_timestamp":1.7482803080120232e+09,"_wandb":{"runtime":4},"accuracy":0.422373342400544,"precision_macro":0.046933563051626166,"fold":1,"roc_auc_ovr":0.5782465589208103,"recall_macro":0.1111111111111111,"precision_weighted":0.1784113730719382,"f1_weighted":0.2508592713028715,"loss":1.6414028426696514,"_runtime":4.91619327,"_step":0}