{"_runtime":44.481259408,"roc_auc_ovo":0.7726810834225024,"recall_weighted":0.5080584835090105,"f1_weighted":0.5257902866602912,"precision_macro":0.33388606800875714,"_wandb":{"runtime":44},"recall_macro":0.5216519930586496,"fold":1,"precision_weighted":0.6176194863240511,"f1_macro":0.34497117446692954,"_timestamp":1.7483642072217073e+09,"accuracy":0.5080584835090105,"confusion_matrix_table":{"ncols":3,"nrows":81,"_type":"table-file","sha256":"01a8ea194af0dc3b0f655bc9969a6432f9f2789e5bd0eb3139dcf2b6af8182b8","size":1521,"artifact_path":"wandb-client-artifact://63k2pt2roog16u5pgbh7s3hn6u6vdjmqohnsnvu2qtwntnbs963beok9n4gm559vm0vky4no6ype55v2lzzi3tephju6e6vui1brewcspegd4zw3nkzs21jo4kv8a8uy/confusion_matrix_table.table.json","_latest_artifact_path":"wandb-client-artifact://pykf3tysptb5zlvqge1crvfz4pp5xwety2phx2srre96asdk9wg70gwqv96vho6otdp9xyp58bdl5bw0lr54d4r0yui89kgjwhp18jvexyv8dv49gcdvd0h8imxa4eu2:latest/confusion_matrix_table.table.json","path":"media/table/confusion_matrix_table_0_01a8ea194af0dc3b0f65.table.json"},"loss":1.8778543461924013,"roc_auc_ovr":0.7737351070325017,"_step":0}