{"_runtime":1.260342898,"avg_precision_macro":0.3365503945292172,"avg_confusion_matrix":{"artifact_path":"wandb-client-artifact://btsmvch8t9orvr0pqennp0ah980aqf6vnj0d5a0er0hxhy26pmj2gv574zx2sof7g1lj4ycud6qzrc6u0edb1hqjnl74v95e4wsa4yvy2lvbxbah4brj8ununs4n6kdo/avg_confusion_matrix.table.json","_latest_artifact_path":"wandb-client-artifact://r8ov7ty02i09g1vdki7gua38se1jjah8uu22delpt02ssndo6za22iiqk6m1jsk2e853vbedue22gxf6lvpkl6ybskrsxm1myuyhy2yyyrdrsqe3so5mi1xwx4evr748:latest/avg_confusion_matrix.table.json","path":"media/table/avg_confusion_matrix_0_c730ea75ce03b7cc1ed4.table.json","ncols":9,"nrows":9,"_type":"table-file","sha256":"c730ea75ce03b7cc1ed4563c8a322cf59d7e3a150a76a05750f3920945984e5b","size":622},"_timestamp":1.7482877196386442e+09,"avg_loss":1.4529976773002873,"_step":0,"avg_f1_macro":0.33190342676653384,"avg_precision_weighted":0.6234654969456767,"avg_f1_weighted":0.4937358042184896,"avg_accuracy":0.47634078294969734,"avg_recall_macro":0.49960228770373094,"avg_roc_auc_ovo":0.8500758291797397,"avg_roc_auc_ovr":0.8274994755720828,"_wandb":{"runtime":1},"avg_recall_weighted":0.47634078294969734,"avg_confusion_matrix_image":{"width":1000,"height":800,"_type":"image-file","sha256":"7f4c0a410a8176f65caa47ac3ff067f9ba0b56daae504b507f86a8a9aac42936","size":69592,"path":"media/images/avg_confusion_matrix_image_0_7f4c0a410a8176f65caa.png","format":"png"}}