{"test_precision_macro":0.3682675238287828,"test_f1_weighted":0.5548948283065258,"test_precision_weighted":0.662419624095971,"test_loss":1.2666790472964446,"test_f1_macro":0.39674143852004196,"test_recall_weighted":0.533757684565584,"_runtime":77.867768984,"epoch":99,"test_recall_macro":0.5901941378449559,"test_confusion_matrix_image":{"format":"png","width":1000,"height":800,"_type":"image-file","sha256":"e5527a71c1610dfbc5c3bf0901ca7bb183ba30b2d2f7439aa97e570cde6f7e8b","size":55611,"path":"media/images/test_confusion_matrix_image_100_e5527a71c1610dfbc5c3.png"},"_timestamp":1.7490389635511038e+09,"test_roc_auc_ovo":0.8856692047651125,"train_loss":1.2012664195765619,"test_accuracy":0.533757684565584,"_wandb":{"runtime":77},"_step":100,"test_roc_auc_ovr":0.8607553262989476,"test_confusion_matrix_table":{"sha256":"a38297b54053ae2b81b00bc951b202438b84f0c625f6e631f59f012299847e73","size":1525,"artifact_path":"wandb-client-artifact://cby1k9klxvdxtaguqonexi259na588zr79i1im5p5bpmxn5xgnam90723m087l8smmu7pgenygdf25j1rhh9991w1j5l38szbd9e0fggaogpv9czs2kx6xvdxv39u3ez/test_confusion_matrix_table.table.json","_latest_artifact_path":"wandb-client-artifact://mzyjail3igbbpsrx4hi6ac1bo6vbkc9jizcekex7s9pwqmoqwg2pu3giopub613rgvr6q6oh2fddhvh45mzjt1gh9au8fgpbwjkw12kqgsw0ao4o8i41usnqlezi4764:latest/test_confusion_matrix_table.table.json","path":"media/table/test_confusion_matrix_table_100_a38297b54053ae2b81b0.table.json","ncols":3,"nrows":81,"_type":"table-file"}}