{"recall_weighted":0.5156749404964298,"confusion_matrix_table":{"sha256":"34a7d4c9084fb6211f5f5c65b369cbae5c348645f132be5cc0d81d97a4a2c98e","size":1522,"artifact_path":"wandb-client-artifact://erjzc2xupehlpfdkukthab9es0cog21stou8hzywoytc4f3stb60r2trazhs6fw1aiaf0uoeiaiw0urp14w69z6oo8ep1pzb2l8npewj0ouucikgfsx6xxrrvig3jfn9/confusion_matrix_table.table.json","_latest_artifact_path":"wandb-client-artifact://g9jofony8odnqduw8zqfyevurhsjg0istlxixom9ipib3h6ik48btd5wmf63uwzi254g307o1dvz2jmz5u1ja25bf8zakfvsoiqj4fv24wp4g390kscnt2zpl5gnsfgd:latest/confusion_matrix_table.table.json","path":"media/table/confusion_matrix_table_0_34a7d4c9084fb6211f5f.table.json","ncols":3,"nrows":81,"_type":"table-file"},"roc_auc_ovo":0.9039824805730614,"_step":0,"fold":3,"precision_macro":0.3685114598239005,"_wandb":{"runtime":40},"loss":1.1188949743906658,"roc_auc_ovr":0.8744609300614523,"_runtime":40.048589865,"precision_weighted":0.6779510203314394,"f1_weighted":0.545026246002604,"_timestamp":1.7488017368826165e+09,"f1_macro":0.3882009152051672,"recall_macro":0.6058826074565518,"accuracy":0.5156749404964298}