{"test_recall_weighted":0.44529677384255484,"test_confusion_matrix_table":{"path":"media/table/test_confusion_matrix_table_100_15c0fc7590116339f833.table.json","ncols":3,"nrows":81,"_type":"table-file","sha256":"15c0fc7590116339f8335a1aa4dac0f16343d1e8ba5852fdb0cb2631aa7f200f","size":1527,"artifact_path":"wandb-client-artifact://4i8kvdhktn73lukrq9c5uc2m0ojf8xavz556mwt6mg7f0x8dqn0vtgboshviskopd2316w6cnakxs0ltgf57sunpf8vp7p9qg2w7ti1jm7ngn2gbypni3jszl2z4wlzt/test_confusion_matrix_table.table.json","_latest_artifact_path":"wandb-client-artifact://u091qktyky7brpr9u7rxfcrx989xzsc4qyo508eeslpwf2tuxrwrsikjtseg7gjgdn47z2fay60imrbfevzzvey5zomh66u1dkm1br34j0h7nuf4i060soxyq75occ46:latest/test_confusion_matrix_table.table.json"},"test_recall_macro":0.5460775626421539,"test_precision_weighted":0.6584507344896254,"_runtime":52.31958853,"_timestamp":1.7490386732764494e+09,"test_roc_auc_ovo":0.874168362461275,"_wandb":{"runtime":52},"test_confusion_matrix_image":{"format":"png","width":1000,"height":800,"_type":"image-file","sha256":"1f11a08a4218abffa977c9f4f08e3b116c8bb7a5de925424bc0ef9a21047639a","size":54617,"path":"media/images/test_confusion_matrix_image_100_1f11a08a4218abffa977.png"},"test_roc_auc_ovr":0.8423323865043008,"epoch":99,"_step":100,"test_precision_macro":0.3422141665483611,"train_loss":1.2201580488019519,"test_accuracy":0.44529677384255484,"test_f1_weighted":0.48138006732475197,"test_loss":1.3172896752754848,"test_f1_macro":0.3474463788017641}