{"_timestamp":1.7488008380519528e+09,"accuracy":0.42148928935736146,"f1_macro":0.356032810510549,"precision_weighted":0.6808436527290818,"_wandb":{"runtime":60},"recall_macro":0.5477976140143581,"_runtime":60.228389839,"roc_auc_ovo":0.8796279391564144,"recall_weighted":0.42148928935736146,"_step":0,"f1_weighted":0.4721423647913622,"loss":1.3129335746571824,"precision_macro":0.3645020297264474,"fold":1,"confusion_matrix_table":{"sha256":"c07e87942d14b09e9b0570c922c74f89a9819920105e864b18d895557e9aecaa","size":1520,"artifact_path":"wandb-client-artifact://axi4dxehth7tz5744jzcflfj0em4t57uozevffqx4b9bjrjmhbv0ql3vtq3kn1b2lw3my66cq4s78wob9ewgfasnkcxc0ka5rny2j4aflc4mvlwvdbklwrhz8sc16lvt/confusion_matrix_table.table.json","_latest_artifact_path":"wandb-client-artifact://itcvvec8f9xqxjdup89nbjf74sata6lqyb2p4v2fl4k6gu7z5jkc0y9vgsvxxj5b4i3gyff2u6n9a0wd94qnx6za5ymr0puvdrgt0x145u7uy44k55cq88wurg001c06:latest/confusion_matrix_table.table.json","path":"media/table/confusion_matrix_table_0_c07e87942d14b09e9b05.table.json","ncols":3,"nrows":81,"_type":"table-file"},"roc_auc_ovr":0.8508060076324472}