{"f1_weighted":0.4215555254600773,"recall_macro":0.16010160407381271,"_step":0,"_runtime":4.910878795,"roc_auc_ovo":0.5757689426916115,"accuracy":0.5061887921653971,"_wandb":{"runtime":4},"precision_macro":0.11166766230983595,"recall_weighted":0.5061887921653971,"confusion_matrix_table":{"sha256":"f721d602fa2cee62ad7f4406cc1353d5736e30665d4702358a91133da50870e7","size":1474,"artifact_path":"wandb-client-artifact://gi93lxvvdglu156qn1rlyifjziq61k1arj4j1egy4ld6w095ogfvia0pfs0v940pzbd4lydwmsn7811lnrcxk72djtadb1m0iw1hqh5by4l9emcn74w25b5hqicvcf9t/confusion_matrix_table.table.json","_latest_artifact_path":"wandb-client-artifact://ruazsurvrdyvfs8y3r44l4s9vep6qcjoex232f56dt44qelysv62ipnknx58y59c1zpkko1tdgllrqsafkzpahi67sh92v9d09p3mb0ne80ybc7z1rwxb6crgtf14p7c:latest/confusion_matrix_table.table.json","path":"media/table/confusion_matrix_table_0_f721d602fa2cee62ad7f.table.json","ncols":3,"nrows":81,"_type":"table-file"},"loss":1.6012445564927726,"f1_macro":0.13069423750590226,"precision_weighted":0.36500058526807233,"roc_auc_ovr":0.5841340982759174,"fold":5,"_timestamp":1.7482803374055903e+09}