{"_wandb":{"runtime":19},"train_loss":2.063719689846039,"test_recall_weighted":0.13280017409281322,"test_confusion_matrix_image":{"path":"media/images/test_confusion_matrix_image_30_b2b039e5a979d8f0fc2e.png","format":"png","width":1000,"height":800,"_type":"image-file","sha256":"b2b039e5a979d8f0fc2e69274e708f15172c5caa7a860054ae533345789655e4","size":40724},"_step":30,"test_confusion_matrix_table":{"size":1477,"artifact_path":"wandb-client-artifact://ad0fyci875yclozwwtbeamqytdx8juhu5axt6jjnx1smt8e8kre1dtif83vp1dsah0v0h3nkims2p83frj9tbfjndhex9z9dzv823ecqd8uqpyd4evvmchqperg4e7zp/test_confusion_matrix_table.table.json","_latest_artifact_path":"wandb-client-artifact://bhsipsujiit4qj2vvhfwxh8z9pk71hnlid6bkw72z7o182becg28qxrisiuzxedpxdmieysdxp81u0kjxl4por8jmlv8q2t2yb86pnmmoqv625skjzgn2ot55byg0xs7:latest/test_confusion_matrix_table.table.json","path":"media/table/test_confusion_matrix_table_30_2cfffaacdf391f0972a6.table.json","ncols":3,"nrows":81,"_type":"table-file","sha256":"2cfffaacdf391f0972a60c41adc6b4c462e2a33903f9adbedf1b692e12f071a7"},"epoch":29,"test_recall_macro":0.16077684693570662,"test_f1_macro":0.050796746089758475,"test_roc_auc_ovo":0.6566536538457399,"test_f1_weighted":0.03849036543511617,"test_accuracy":0.13280017409281322,"_timestamp":1.7490340784373322e+09,"test_precision_macro":0.06273697785966945,"test_loss":2.1739959716796875,"test_roc_auc_ovr":0.6362984537478806,"_runtime":19.708834359,"test_precision_weighted":0.03776956100570218}