{"_timestamp":1.7488002185495188e+09,"_step":0,"_runtime":29.988296628,"recall_weighted":0.5323359401564094,"precision_macro":0.3946480166894714,"_wandb":{"runtime":29},"f1_weighted":0.5504936938024004,"recall_macro":0.5795684803860499,"fold":3,"f1_macro":0.4056487324478268,"confusion_matrix_table":{"ncols":3,"nrows":81,"_type":"table-file","sha256":"4e4eb7a50668214c5e5faaed0f69cfe7b1c823ea0c77f82aa081332dbc170789","size":1522,"artifact_path":"wandb-client-artifact://rwhp2z8mjt3zbdzfdndqxsof56clteh5t83y4338xou0ydcoexs77lqlwinyb9pohkvgpjffx7eicpbwm217y98jmn4ycq3j4gf4wmwa0hf7qqcb9by4vlsdqz5v3uki/confusion_matrix_table.table.json","_latest_artifact_path":"wandb-client-artifact://vqzrmu6jjm8fe4f5w9c9k9rzshhmsl8jqqrp5oa32tded892de6dksy0wltiq6iynp7rpnimm6eb2akxfj2fcnxqbff1jrvamxkp8vns0ta0rqvnts89pre0dow04dp3:latest/confusion_matrix_table.table.json","path":"media/table/confusion_matrix_table_0_4e4eb7a50668214c5e5f.table.json"},"roc_auc_ovo":0.8894227747035147,"precision_weighted":0.6886412399354702,"accuracy":0.5323359401564094,"roc_auc_ovr":0.8667804968746903,"loss":1.2167076170444489}