{"test_true_positives":18358,"train_loss":0.003988486563806267,"_wandb":{"runtime":502},"test_recall":0.9987487079049018,"test_true_negatives":430152,"test_accuracy":0.9998283499075987,"_step":30,"test_f2":0.998411938739993,"_timestamp":1.7490324205450008e+09,"test_loss":0.004254874992572392,"test_false_positives":54,"test_false_negatives":23,"test_f1":0.997907210610714,"test_precision":0.9970671301325222,"test_specificity":0.9998744787380929,"test_roc_auc":0.9997827901108962,"_runtime":502.718456238,"epoch":29}