{"roc_auc_ovo":0.8969488049432335,"confusion_matrix_table":{"ncols":3,"nrows":81,"_type":"table-file","sha256":"190e402e1b5128cac2bbc5f0aa45c7a3fea5e00e794275d2f253ddb99f690631","size":1524,"artifact_path":"wandb-client-artifact://ukme91ecwg5g42n6zpcml3g3uksk3uu2sh615wwfr1y1oyqoglc3ptjtyef5yr524lgzzxm7ln77334xw2v334yklj9sl7q7ie61k5karqiu618ut80opy0wq1mnmzx1/confusion_matrix_table.table.json","_latest_artifact_path":"wandb-client-artifact://1rclcx48i5bspp1cbtthgffykdsfolw2mzvauv7hutzkbe806bfa2y2xlai9oqz5987wqd2ct5kz8d60knoo4s82a6um2j7mw9j0eb1i58y5rq9jrdsqkpkg7onazyca:latest/confusion_matrix_table.table.json","path":"media/table/confusion_matrix_table_0_190e402e1b5128cac2bb.table.json"},"loss":1.1995052874088288,"_wandb":{"runtime":40},"_runtime":40.240183973,"accuracy":0.48405304318259096,"roc_auc_ovr":0.8741377457178617,"recall_macro":0.5775250196579504,"f1_macro":0.4119894368113542,"_step":0,"_timestamp":1.748799163962476e+09,"fold":1,"precision_weighted":0.6986449445462596,"f1_weighted":0.5304062402825884,"precision_macro":0.4035429342363125,"recall_weighted":0.48405304318259096}