{"loss":2.127183877188584,"_step":0,"roc_auc_ovr":0.7248111425237063,"_runtime":4.894274222,"_timestamp":1.7482823837651284e+09,"roc_auc_ovo":0.7255293160190551,"accuracy":0.14926895613736824,"_wandb":{"runtime":4},"precision_weighted":0.4825986856743734,"fold":3,"confusion_matrix_table":{"nrows":81,"_type":"table-file","sha256":"ad12b9b606f81629573796b8a2fedd6d13ccb0a6796566d624a6f772ffa1364a","size":1494,"artifact_path":"wandb-client-artifact://zi8xz403dfeyzbfa4a5alor5yxebow1ngm8wkflu6q52pphd2doapbk3x7h7rn4yd50uik8afr53p195gg5u5jw8gdw2vf70wjxp2sp83me1o4tlczfzn6zrllu8dosm/confusion_matrix_table.table.json","_latest_artifact_path":"wandb-client-artifact://ev57uekzieoq56bt9to4qxdd6zywg1w93nbixkgbrldtlabegpyquz5b9wu6w4rqzf8tsppteqny7fpy83x4hgfzvzctpk9j486jx0kjd8sdhxhjsyc5usrxcp4wnryr:latest/confusion_matrix_table.table.json","path":"media/table/confusion_matrix_table_0_ad12b9b606f816295737.table.json","ncols":3},"recall_weighted":0.14926895613736824,"recall_macro":0.17716225197575644,"f1_macro":0.09968698105346846,"f1_weighted":0.166087965121689,"precision_macro":0.18204560492347308}