{"f1_weighted":0.5440825274404874,"f1_macro":0.3468302009192285,"_runtime":43.827792904,"_step":0,"recall_macro":0.5000723552208289,"fold":4,"roc_auc_ovo":0.7578614152049185,"recall_weighted":0.5458378672470077,"roc_auc_ovr":0.744044829428171,"precision_weighted":0.6158762621523735,"_wandb":{"runtime":43},"accuracy":0.5458378672470077,"confusion_matrix_table":{"nrows":81,"_type":"table-file","sha256":"1b1112dac21085229c0967d0090305320a795049b63e4b737a5cab53ed881d8a","size":1517,"artifact_path":"wandb-client-artifact://hb8afv4664thuo81lof7e42h8zhm8jgytdg4rxda4ow9z72557gog71v3pcfxt1wt8ztq5w04dmy99bm2z9gwwptrkfkf6k6uzz1y8x5r7jiy5zyhnhkou7ilsjk3sc4/confusion_matrix_table.table.json","_latest_artifact_path":"wandb-client-artifact://7cypz2b3gg9y2pp2q3l2n0nz517v1fslb21ye02bi5ld1109nceuaicuek29hirq21kx5rkisvawy0iq9olohzkb0o43ylrkryxvdrccs0peuw9hbkid0drfogivm4z6:latest/confusion_matrix_table.table.json","path":"media/table/confusion_matrix_table_0_1b1112dac21085229c09.table.json","ncols":3},"precision_macro":0.3457903090633315,"_timestamp":1.7483643444538343e+09,"loss":1.8837049401324728}