{"test_precision":0.997445652173913,"test_false_negatives":28,"test_false_positives":47,"_timestamp":1.7490325969890203e+09,"epoch":9,"_runtime":174.963494961,"test_true_negatives":430159,"test_loss":0.00383126715120549,"test_roc_auc":0.999898776261922,"test_specificity":0.9998907500127846,"test_recall":0.9984766878842283,"test_true_positives":18353,"train_loss":0.003769703437380182,"_wandb":{"runtime":175},"_step":10,"test_accuracy":0.9998328083515572,"test_f1":0.997960903727468,"test_f2":0.9982703102562986}