{"precision_macro":0.2137989186562148,"_wandb":{"runtime":46},"recall_macro":0.16660623317481718,"_runtime":46.815665466,"f1_weighted":0.2734115768391132,"loss":3.1747253522924757,"_timestamp":1.74828510686662e+09,"accuracy":0.18845212187159957,"recall_weighted":0.18845212187159957,"precision_weighted":0.5380807307531542,"_step":0,"fold":5,"roc_auc_ovr":0.6771149375338834,"f1_macro":0.08319804885418064,"confusion_matrix_table":{"_latest_artifact_path":"wandb-client-artifact://996p027gj87yhzzsoun4teue2nq2hb46lvsu0xoan6a47nv43fbj0029pl9jshswk0bdrjn7sokghacbtl2tthtd37nhkln1xfqj3dc2z2crehmcuy3d2yi5ah0xvv4y:latest/confusion_matrix_table.table.json","path":"media/table/confusion_matrix_table_0_c1f79316f6c643ae2472.table.json","ncols":3,"nrows":81,"_type":"table-file","sha256":"c1f79316f6c643ae2472da0868dc6e398f1759e344c826a23141c8a1b3ee9d7b","size":1478,"artifact_path":"wandb-client-artifact://tswi3hlrxg6vgf5pu1gg3027iqda6b6kevvqmqxsuwfwktcx8x9hh9jrnveq3wl6ry6krmn5irohb63u74fe9p1lw0nvwk0fyok4hrrxbhbl2iwedhynvogav271n5tc/confusion_matrix_table.table.json"},"roc_auc_ovo":0.6957877485829345}