{"roc_auc_ovr":0.7337448221113423,"fold":1,"recall_macro":0.3295856765719746,"f1_weighted":0.369366498899886,"confusion_matrix_table":{"_latest_artifact_path":"wandb-client-artifact://qbaick52ruegxme82ljm8sp6bj9m8zdlyjekgbbbiuao5qu0ak0gxeivxqolwhtgyy5n2jgky4r0up1aslz99g0yo27njknkb5wcps7f9n9ocbhpqzj65hu0lol5d1mt:latest/confusion_matrix_table.table.json","path":"media/table/confusion_matrix_table_0_813f8aefa60ad2b8248a.table.json","ncols":3,"nrows":81,"_type":"table-file","sha256":"813f8aefa60ad2b8248a5ab0877a0f91601797d299d95dba94e5c74854f73ef5","size":1487,"artifact_path":"wandb-client-artifact://0j8p9ezx7qa8f9ed4nmuaioqnpkqmzen904cs4svp7t2z81avoyaic0lhk5pk630tqqhy9dtpfupx9zy96xplql2q8ge0obqtuanbh4zp1le1k6aoin45zzsnrb128hd/confusion_matrix_table.table.json"},"accuracy":0.4176810608636518,"recall_weighted":0.4176810608636518,"f1_macro":0.16466372883327082,"_runtime":11.751894499,"_step":0,"_wandb":{"runtime":11},"precision_macro":0.26585750008074976,"loss":2.0164904306674827,"roc_auc_ovo":0.7446326232207056,"precision_weighted":0.530006069900627,"_timestamp":1.7482824730513017e+09}