{"test_loss":1.2890209670489032,"test_f1_weighted":0.5138114505588808,"test_roc_auc_ovr":0.8600679322581357,"train_loss":1.229556000990075,"epoch":79,"test_confusion_matrix_table":{"_type":"table-file","sha256":"ce78e35b891c7ca76a500bd5de58a5c52ad540404488948259aab5682b304eb7","size":1531,"artifact_path":"wandb-client-artifact://7kzstm374qde89bzi9t6hwawciybmg6qd9oy8ua7qnseziux2ff0i9yp6221f8m87pim6pwu3nqna3btwl5tsnc0xyxmpi86rc0kbep5xo7qljxryo18pb8jliwr4fid/test_confusion_matrix_table.table.json","_latest_artifact_path":"wandb-client-artifact://mf4n5fa150ioh6xnsriux6blwce7c77ehkij18x2c1rowwjs7qaaa7a3a2vzgv9m5wo2i7nd59ep4372t8tgoypnqf2lxcsf4mn8xq7lc09aoe4wyxntazlc4kc1gjxf:latest/test_confusion_matrix_table.table.json","path":"media/table/test_confusion_matrix_table_80_ce78e35b891c7ca76a50.table.json","ncols":3,"nrows":81},"test_f1_macro":0.3522996203017259,"test_recall_macro":0.5809636145836564,"test_roc_auc_ovo":0.8895900336762375,"_wandb":{"runtime":100},"test_accuracy":0.47908166041020617,"test_precision_weighted":0.6656652975534706,"test_precision_macro":0.34368165003276974,"test_recall_weighted":0.47908166041020617,"test_confusion_matrix_image":{"_type":"image-file","sha256":"2a348c77bace33c605d28caba48fd767553091bd0a6edd28117421efcdd7035f","size":55296,"path":"media/images/test_confusion_matrix_image_80_2a348c77bace33c605d2.png","format":"png","width":1000,"height":800},"_timestamp":1.7490394348913934e+09,"_step":80,"_runtime":100.323180554}