{"f1_macro":0.34950115532212794,"precision_weighted":0.6745402284872054,"precision_macro":0.3506608272364311,"loss":1.1792932311693827,"_timestamp":1.748799458995585e+09,"recall_macro":0.575277144832481,"roc_auc_ovr":0.8638201913889566,"accuracy":0.4235974158449507,"fold":3,"confusion_matrix_table":{"_latest_artifact_path":"wandb-client-artifact://md67he016jipwjbq105mkorlgi95uj4gfutoyjymdjp9an9p5a7uae8t5vr9huer53az7c0ml3titqmle0zi8lctlq24okb228bncnwm9w9twkftt40ndzhv2gzsq1we:latest/confusion_matrix_table.table.json","path":"media/table/confusion_matrix_table_0_0cd27baebb4fdd09cc67.table.json","ncols":3,"nrows":81,"_type":"table-file","sha256":"0cd27baebb4fdd09cc675f68bb548f08e043e5b9879f09b51590a74c67fd8d3e","size":1521,"artifact_path":"wandb-client-artifact://oza8b5nt9a9txngwiz8d7l0b4v8tynu3ou3jw8147my1b8hn989ao7uxa9f68j9u829fl6rsq802fblnd1g5x84iwn4hr3li794vhj3hgcz4yx031zzwz3o4td3ncniz/confusion_matrix_table.table.json"},"f1_weighted":0.4632526795215801,"_wandb":{"runtime":31},"roc_auc_ovo":0.8929947264275216,"_runtime":31.506210486,"_step":0,"recall_weighted":0.4235974158449507}