{"test_roc_auc_ovr":0.8377125219732645,"_wandb":{"runtime":51},"test_f1_weighted":0.44952648788857624,"_step":80,"test_precision_weighted":0.6601878046813844,"test_recall_weighted":0.4258745443664654,"test_confusion_matrix_image":{"path":"media/images/test_confusion_matrix_image_80_ea0efe226908de49d21a.png","format":"png","width":1000,"height":800,"_type":"image-file","sha256":"ea0efe226908de49d21a7d1477e7d5af93525a7d7e4f93c3a89b9c34d56bf26b","size":56297},"test_accuracy":0.4258745443664654,"test_loss":1.396367996931076,"_timestamp":1.7490387969438953e+09,"_runtime":51.318708757,"epoch":79,"train_loss":1.2418894080652132,"test_f1_macro":0.2933122681249156,"test_roc_auc_ovo":0.8652983991896335,"test_recall_macro":0.5203904510705766,"test_confusion_matrix_table":{"_type":"table-file","sha256":"c4248a8250346003c968ef8f5caf7d9a5120060b17cacf33677b14ab215e3bd8","size":1530,"artifact_path":"wandb-client-artifact://o7b0z6ievxyp08fgv6ms61d2p3kzatexq8bodo60edgaysh7k5s5a60w8s73z2jq695b4tt47242zr97npsbyze15nrr2aio9p51catp93521vse2hqctlgs9b3tye2y/test_confusion_matrix_table.table.json","_latest_artifact_path":"wandb-client-artifact://1ai7066gk48ei8h6275aaw8d1wepxql2udejlvm86g6nppvg7ii73md7en5a197gp6u9z3bjmv8v4on4toova8ar547teq3mifk48u3i2vt4njmnyfcxzi5287i1znuo:latest/test_confusion_matrix_table.table.json","path":"media/table/test_confusion_matrix_table_80_c4248a8250346003c968.table.json","ncols":3,"nrows":81},"test_precision_macro":0.3376624837238811}