{"precision_macro":0.3773163620207689,"fold":2,"_timestamp":1.7482859571570058e+09,"f1_weighted":0.5675614125961681,"precision_weighted":0.6920836354058577,"_wandb":{"runtime":44},"_runtime":44.220409937,"roc_auc_ovo":0.8972073543884752,"confusion_matrix_table":{"sha256":"0b12aafa0364a2405992cf292499f2a14cd051b3cc7976be10fc490daf013bb1","size":1519,"artifact_path":"wandb-client-artifact://9g2nz1v7zmdpa8jdid6191li22q9jkjle9a3so1242n8ane74sz29psx1ewzfoo5wne3oejh8s7c8ogl7grwavcdr9zq13cz9g7e4pl47curfj8vrbg3vdou397uy0dm/confusion_matrix_table.table.json","_latest_artifact_path":"wandb-client-artifact://65efatnvl79h5jlr8p7jzkmstffre1tkm2xwzt74r2l4xsfmt5j22x95ffni4ogyxuzbcf4b3iw5tf8qnp7lpxeyw1cqnllsav3wv3wc33mol1yv9okuusbiotih7q31:latest/confusion_matrix_table.table.json","path":"media/table/confusion_matrix_table_0_0b12aafa0364a2405992.table.json","ncols":3,"nrows":81,"_type":"table-file"},"recall_macro":0.6083261226386109,"roc_auc_ovr":0.8680037826281956,"_step":0,"recall_weighted":0.545324719483169,"accuracy":0.545324719483169,"f1_macro":0.3963095474198292,"loss":1.1548134304326156}