{"recall_weighted":0.46133968038082285,"precision_weighted":0.6679652223732793,"roc_auc_ovo":0.8882953344382837,"roc_auc_ovr":0.8611829329771333,"fold":2,"f1_weighted":0.5166184110271002,"_runtime":32.228667106,"precision_macro":0.36149015277613344,"loss":1.2025444269180299,"_wandb":{"runtime":32},"confusion_matrix_table":{"sha256":"a16ecbb55158aa8d7888539668a135b88073f82451ec149bbc3f92b82379a39c","size":1526,"artifact_path":"wandb-client-artifact://bz3wlu8kvfnqnww1ydejqy5mwrg3j30ga9v19vkm8it0zqg4sgo62h25jf2s56985qqr1hje68bfsgysb4kw9lthplvdbq00mqco2r6bzlkw0purzhq5i713paqs83cl/confusion_matrix_table.table.json","_latest_artifact_path":"wandb-client-artifact://6fxkzb9dbbgglmquy633tm1hbkhsvkl466npxe8ctltc996vt4w6198icx8xmkt8prl2vldykxg61j6g9tf40a6t4m8znz3p6a8p9zepql9hm93affwgmpxr6tp2v31y:latest/confusion_matrix_table.table.json","path":"media/table/confusion_matrix_table_0_a16ecbb55158aa8d7888.table.json","ncols":3,"nrows":81,"_type":"table-file"},"f1_macro":0.35138770798264773,"_timestamp":1.7487998143864586e+09,"_step":0,"recall_macro":0.5712294628957899,"accuracy":0.46133968038082285}