{"loss":1.1169776399930318,"_wandb":{"runtime":38},"_step":0,"roc_auc_ovr":0.8754838591005856,"precision_weighted":0.6541206011226287,"f1_weighted":0.5682054421188341,"_timestamp":1.748801778554348e+09,"precision_macro":0.3778153303863238,"f1_macro":0.40440405932813944,"roc_auc_ovo":0.9041241743627538,"fold":4,"recall_weighted":0.5375408052230686,"recall_macro":0.6061288352450724,"_runtime":38.711395283,"confusion_matrix_table":{"artifact_path":"wandb-client-artifact://apwu51kzeh1odowkw5k28m539ewql9skzoewcuyi5p603p0kmnkbkrm3fn0gz2xkhmub5abs5v2kkfzx83o1yhbe6i6ymavxjcgygbrofbechmts7lldapwtd4zltsus/confusion_matrix_table.table.json","_latest_artifact_path":"wandb-client-artifact://r6webnvtgxiudufunimjb16igo4xwn4yww3mnbyexl6diab5zotajre1ntfapnmt1pvum950k3184lq7zey5nztglmu6baljcj8fynmdhx65z6w3doktn5ov27lwoffd:latest/confusion_matrix_table.table.json","path":"media/table/confusion_matrix_table_0_00ef45e69f67aedb5f36.table.json","ncols":3,"nrows":81,"_type":"table-file","sha256":"00ef45e69f67aedb5f3676acc6ebbaf7768d98f93a12c2b2ff74a083a958b2d8","size":1527},"accuracy":0.5375408052230686}