{"loss":1.3964015337436095,"precision_macro":0.32223577814982907,"f1_weighted":0.49595742117036534,"precision_weighted":0.6473304737859833,"_step":0,"f1_macro":0.32290616650878656,"_runtime":43.526999283,"accuracy":0.45212187159956474,"recall_macro":0.5430362440387008,"confusion_matrix_table":{"_latest_artifact_path":"wandb-client-artifact://y1671n3sj5pt0qd6mdjj2kvm8w9eabiyvrqr9g6qu8bfbbv9ij9dserv87htvikrz97oor2iikrwdptlves5cpj1yyol9sv4l1z65pihoozk3g9zu6dn5dikzqyd26k2:latest/confusion_matrix_table.table.json","path":"media/table/confusion_matrix_table_0_97eb73fc79f5c8d1eb89.table.json","ncols":3,"nrows":81,"_type":"table-file","sha256":"97eb73fc79f5c8d1eb897b68feae42debd2099dd9e3537b8ea7d7449e54ff6de","size":1527,"artifact_path":"wandb-client-artifact://5krvnrea35fra9yics2u0631ahle8gvwtli8op7ngstqdmtw8q94ncmu5u3k2bobmn924zsd1k451ege2k7f1inw0d8nftq54rr85ss33i5l7a7ycljhpbxjgw9y00oy/confusion_matrix_table.table.json"},"_wandb":{"runtime":43},"roc_auc_ovr":0.832356611946051,"recall_weighted":0.45212187159956474,"fold":4,"_timestamp":1.748287137550993e+09,"roc_auc_ovo":0.8665936536919051}