{"_runtime":1.152376272,"avg_precision_macro":0.3549429506679924,"_timestamp":1.7488016042364688e+09,"avg_confusion_matrix_image":{"path":"media/images/avg_confusion_matrix_image_0_3504bee3f37fce78143d.png","format":"png","width":1000,"height":800,"_type":"image-file","sha256":"3504bee3f37fce78143dd28f819495449ac225ec40a5ccae7e23031b86ea8d9b","size":69130},"_wandb":{"runtime":1},"avg_precision_weighted":0.6645340898334371,"_step":0,"avg_confusion_matrix":{"path":"media/table/avg_confusion_matrix_0_108fccf49f119b2caf5f.table.json","ncols":9,"nrows":9,"_type":"table-file","sha256":"108fccf49f119b2caf5fb7f0702dc764d44735391c710e37586e16e70c166d3c","size":621,"artifact_path":"wandb-client-artifact://6x0tl2na693oncnqu6kc5f7w7is5y98cxvugjjwux2bg5lsi65hexktet7ab1u3dh86sbzd9q7m818eeewovsry8uqwetnfl5f4qvrui9h961w50dw24wowjuqpuw0vy/avg_confusion_matrix.table.json","_latest_artifact_path":"wandb-client-artifact://olg8om5motlkaifprwd1pa3crvjn8iwp1icvviwgzax93vl1ux432dmh6qzgpp0jod7c4bea5q4k2iw4dsyu4efvd9fnkexoih2ofxs30065a9889csjxz24l6aj4ty9:latest/avg_confusion_matrix.table.json"},"avg_roc_auc_ovo":0.8853736910023148,"avg_accuracy":0.46503933543956055,"avg_recall_macro":0.5580143991179445,"avg_loss":1.2570575173695882,"avg_recall_weighted":0.46503933543956055,"avg_f1_macro":0.34994063499400385,"avg_f1_weighted":0.4956268509484298,"avg_roc_auc_ovr":0.854113155303969}