{"_wandb":{"runtime":4},"accuracy":0.42233405875952124,"_runtime":4.737644731,"precision_weighted":0.1783660571882907,"f1_macro":0.06598450798508176,"confusion_matrix_table":{"_type":"table-file","sha256":"d9937a9804323112abd729335b74db888b54b698e63801da44bece42d683e63d","size":1459,"artifact_path":"wandb-client-artifact://zzi6pliiai7wli89xlf3bu8t1mmr92pegrm38bgq85fvsktszh6wv8j2mafxhd0upbhv79ix7u4i0cgvlphauvfv19pjbgveswyr0zbebfszd3t7j235ulu03ejtwe3e/confusion_matrix_table.table.json","_latest_artifact_path":"wandb-client-artifact://4ax4h7aoprlw8tuq2hmcsrpoqtnb295mkdspqm1bwmwgs1b38gg14htwyvjcrelx1l6aef2nxz1eb0y6xb77e5kfszx9157feijmubbxyepmntliq7avrxbrbksbg6m2:latest/confusion_matrix_table.table.json","path":"media/table/confusion_matrix_table_0_d9937a9804323112abd7.table.json","ncols":3,"nrows":81},"recall_weighted":0.42233405875952124,"fold":5,"loss":1.6579527443852917,"recall_macro":0.1111111111111111,"precision_macro":0.04692600652883569,"f1_weighted":0.25080754565330654,"roc_auc_ovr":0.5870634654533529,"_step":0,"roc_auc_ovo":0.5811297306541854,"_timestamp":1.7482794988393884e+09}