{"test_roc_auc_ovo":0.8740542863376248,"_wandb":{"runtime":76},"epoch":79,"test_accuracy":0.46091072302921493,"train_loss":1.2684382856410483,"_timestamp":1.7490348736913323e+09,"test_confusion_matrix_image":{"size":55547,"path":"media/images/test_confusion_matrix_image_80_a51d0e18c015ac7f92cf.png","format":"png","width":1000,"height":800,"_type":"image-file","sha256":"a51d0e18c015ac7f92cf92d729d786cdbf50fcdcb921393b95e00ecdf1b5a777"},"_runtime":76.831279045,"test_loss":1.3030612911615107,"test_recall_weighted":0.46091072302921493,"test_confusion_matrix_table":{"_latest_artifact_path":"wandb-client-artifact://tkdofbtpyhexwm3m6sarnsi7p0n40i7umat3cire5l9jjzpmi9cimcm4qdote8h5p85w6dwknqnvtcdtyxrw2dfarlqbky1logf06iq8ijhbprzin0c98p0ose13bzim:latest/test_confusion_matrix_table.table.json","path":"media/table/test_confusion_matrix_table_80_737744653e9c0ed64b8a.table.json","ncols":3,"nrows":81,"_type":"table-file","sha256":"737744653e9c0ed64b8ab77cd6fbeb06975fe11cb596777cf749502277d1549a","size":1529,"artifact_path":"wandb-client-artifact://f6fwohvp131k90qgkjhp6gk26wjyo0wss84uhl0iso2334fplyxanh6dyc9bk5gc91dyxcixu396l4pevhyndova271v1t4frt19x5jdgzvrezfmwsu84difkqeaiw6b/test_confusion_matrix_table.table.json"},"test_f1_macro":0.34081861960091725,"test_roc_auc_ovr":0.8426536689126259,"test_precision_weighted":0.6579608552264363,"_step":80,"test_precision_macro":0.3341555255793789,"test_recall_macro":0.5642500936137432,"test_f1_weighted":0.4841582874034717}