{"avg_precision_weighted":0.6248952745894529,"avg_f1_macro":0.33710162757821904,"avg_recall_weighted":0.5036656853927014,"avg_loss":1.8864847786530206,"_runtime":1.273017894,"avg_f1_weighted":0.5211645328225047,"avg_precision_macro":0.3303620944168014,"avg_confusion_matrix_image":{"width":1000,"height":800,"_type":"image-file","sha256":"3b41c77fb20297ce640924b32c519f54bf872589788f11e5c681abf53293f813","size":67086,"path":"media/images/avg_confusion_matrix_image_0_3b41c77fb20297ce6409.png","format":"png"},"avg_roc_auc_ovr":0.7466997175270682,"_wandb":{"runtime":1},"avg_roc_auc_ovo":0.7678837294084986,"_timestamp":1.7483643933452654e+09,"avg_accuracy":0.5036656853927014,"_step":0,"avg_recall_macro":0.5047360751060651,"avg_confusion_matrix":{"path":"media/table/avg_confusion_matrix_0_2366bc190dc40aad5139.table.json","ncols":9,"nrows":9,"_type":"table-file","sha256":"2366bc190dc40aad513964ee0860d3f94f0cce8be0ff620c5c3cd593f6dd0482","size":622,"artifact_path":"wandb-client-artifact://2oddd9l0tkzdza01zslh6tz83cqpaqngyfhyycsgtqfgpd5lxqyitxvq8oy1ki6wxxwnsl7i1ibdwbfrfqbovlwk6m7vsh2u3itvd3w4i9z5o0d9ka5u0rj94erycbom/avg_confusion_matrix.table.json","_latest_artifact_path":"wandb-client-artifact://0exbr4ak43i338ncok0kmrqn6scoaq3tzq3k4bo38370gbvdoo4t9w5tvie9hnw4vium0k0ybtp8l4ljg6lrczlfumbz3p0a07uo7qgedqgftheco45c91kv9ziz8yar:latest/avg_confusion_matrix.table.json"}}